Показник,Регіон,Вид_установок,Тип_відходів,Стан_використання,Рік,Одиниця_виміру,Значення
Площа полігонів для видалення відходів,Запорізька,Усього,Усього,По проекту,2025,Квадратний метр,4226339.0
Площа полігонів для видалення відходів,Україна,Не застосовується,Усього,Залишок,2025,Квадратний метр,68947339.0
Площа полігонів для видалення відходів,Запорізька,Усього,у тому числі для видалення побутових відходів,По проекту,2025,Квадратний метр,507407.0
Площа полігонів для видалення відходів,Україна,Не застосовується,у тому числі для видалення побутових відходів,Залишок,2025,Квадратний метр,11680735.0
Площа полігонів для видалення відходів,Миколаївська,Усього,Усього,Залишок,2025,Квадратний метр,404059.0
Площа полігонів для видалення відходів,Донецька,Не застосовується,Усього,Залишок,2025,Квадратний метр,2906995.0
Площа полігонів для видалення відходів,Дніпропетровська,Не застосовується,Усього,По проекту,2025,Квадратний метр,173909323.0
Площа полігонів для видалення відходів,Донецька,Не застосовується,у тому числі для видалення побутових відходів,Залишок,2025,Квадратний метр,2512882.0
Площа полігонів для видалення відходів,Дніпропетровська,Не застосовується,у тому числі для видалення побутових відходів,По проекту,2025,Квадратний метр,1579888.0
Площа полігонів для видалення відходів,Миколаївська,Усього,у тому числі для видалення побутових відходів,Залишок,2025,Квадратний метр,248335.0
Площа полігонів для видалення відходів,Закарпатська,Не застосовується,Усього,Залишок,2025,Квадратний метр,62335.0
Площа полігонів для видалення відходів,Одеська,Не застосовується,у тому числі для видалення побутових відходів,По проекту,2025,Квадратний метр,1075302.0
Площа полігонів для видалення відходів,Одеська,Не застосовується,Усього,По проекту,2025,Квадратний метр,1291502.0
Площа полігонів для видалення відходів,Закарпатська,Не застосовується,у тому числі для видалення побутових відходів,Залишок,2025,Квадратний метр,62335.0
Площа полігонів для видалення відходів,Донецька,Усього,у тому числі для видалення побутових відходів,Залишок,2025,Квадратний метр,2512882.0
Площа полігонів для видалення відходів,Київська,Усього,у тому числі для видалення побутових відходів,Залишок,2025,Квадратний метр,483719.0
Площа полігонів для видалення відходів,Донецька,Усього,Усього,Залишок,2025,Квадратний метр,2906995.0
Площа полігонів для видалення відходів,Запорізька,Не застосовується,у тому числі для видалення побутових відходів,По проекту,2025,Квадратний метр,507407.0
Площа полігонів для видалення відходів,Житомирська,Усього,у тому числі для видалення побутових відходів,По проекту,2025,Квадратний метр,1321250.0
Площа полігонів для видалення відходів,Київська,Усього,Усього,Залишок,2025,Квадратний метр,5292981.0
Площа полігонів для видалення відходів,Миколаївська,Не застосовується,Усього,Залишок,2025,Квадратний метр,404059.0
Площа полігонів для видалення відходів,Вінницька,Усього,у тому числі для видалення побутових відходів,По проекту,2025,Квадратний метр,496756.0
Площа полігонів для видалення відходів,Київська,Не застосовується,Усього,По проекту,2025,Квадратний метр,5829077.0
Площа полігонів для видалення відходів,Закарпатська,Усього,Усього,Залишок,2025,Квадратний метр,62335.0
Площа полігонів для видалення відходів,Одеська,Усього,Усього,По проекту,2025,Квадратний метр,1291502.0
Площа полігонів для видалення відходів,Кіровоградська,Не застосовується,у тому числі для видалення побутових відходів,По проекту,2025,Квадратний метр,2408331.0
Площа полігонів для видалення відходів,Закарпатська,Усього,у тому числі для видалення побутових відходів,Залишок,2025,Квадратний метр,62335.0
Площа полігонів для видалення відходів,Вінницька,Усього,Усього,Залишок,2025,Квадратний метр,112164.0
Площа полігонів для видалення відходів,Закарпатська,Не застосовується,Усього,По проекту,2025,Квадратний метр,341038.0
Площа полігонів для видалення відходів,Вінницька,Не застосовується,у тому числі для видалення побутових відходів,По проекту,2025,Квадратний метр,496756.0
Площа полігонів для видалення відходів,Миколаївська,Не застосовується,у тому числі для видалення побутових відходів,Залишок,2025,Квадратний метр,248335.0
Площа полігонів для видалення відходів,Донецька,Не застосовується,Усього,По проекту,2025,Квадратний метр,19866260.0
Площа полігонів для видалення відходів,Запорізька,Не застосовується,Усього,По проекту,2025,Квадратний метр,4226339.0
Площа полігонів для видалення відходів,Донецька,Не застосовується,у тому числі для видалення побутових відходів,По проекту,2025,Квадратний метр,16143840.0
Площа полігонів для видалення відходів,Житомирська,Не застосовується,у тому числі для видалення побутових відходів,Залишок,2025,Квадратний метр,300530.0
Площа полігонів для видалення відходів,Житомирська,Не застосовується,Усього,Залишок,2025,Квадратний метр,456078.0
Площа полігонів для видалення відходів,Київська,Усього,у тому числі для видалення побутових відходів,По проекту,2025,Квадратний метр,898713.0
Площа полігонів для видалення відходів,Полтавська,Не застосовується,у тому числі для видалення побутових відходів,Залишок,2025,Квадратний метр,673747.0
Площа полігонів для видалення відходів,Полтавська,Не застосовується,Усього,Залишок,2025,Квадратний метр,14763514.0
Площа полігонів для видалення відходів,Кіровоградська,Не застосовується,Усього,Залишок,2025,Квадратний метр,1935404.0
Площа полігонів для видалення відходів,Закарпатська,Усього,Усього,По проекту,2025,Квадратний метр,341038.0
Площа полігонів для видалення відходів,Житомирська,Не застосовується,у тому числі для видалення побутових відходів,По проекту,2025,Квадратний метр,1321250.0
Площа полігонів для видалення відходів,Вінницька,Усього,у тому числі для видалення побутових відходів,Залишок,2025,Квадратний метр,111164.0
Площа полігонів для видалення відходів,Київська,Не застосовується,у тому числі для видалення побутових відходів,По проекту,2025,Квадратний метр,898713.0
Площа полігонів для видалення відходів,Кіровоградська,Не застосовується,у тому числі для видалення побутових відходів,Залишок,2025,Квадратний метр,1154336.0
Площа полігонів для видалення відходів,Луганська,Усього,Усього,По проекту,2025,Квадратний метр,0.0
Площа полігонів для видалення відходів,Дніпропетровська,Не застосовується,Усього,Залишок,2025,Квадратний метр,30984010.0
Площа полігонів для видалення відходів,Дніпропетровська,Не застосовується,у тому числі для видалення побутових відходів,Залишок,2025,Квадратний метр,705063.0
Площа полігонів для видалення відходів,Запорізька,Усього,Усього,Залишок,2025,Квадратний метр,1414086.0
Площа полігонів для видалення відходів,Житомирська,Усього,Усього,Залишок,2025,Квадратний метр,456078.0
Площа полігонів для видалення відходів,Донецька,Усього,у тому числі для видалення побутових відходів,По проекту,2025,Квадратний метр,16143840.0
Площа полігонів для видалення відходів,Івано-Франківська,Не застосовується,Усього,Залишок,2025,Квадратний метр,393165.0
Площа полігонів для видалення відходів,Донецька,Усього,Усього,По проекту,2025,Квадратний метр,19866260.0
Площа полігонів для видалення відходів,Івано-Франківська,Не застосовується,у тому числі для видалення побутових відходів,Залишок,2025,Квадратний метр,183363.0
Площа полігонів для видалення відходів,Львівська,Не застосовується,у тому числі для видалення побутових відходів,По проекту,2025,Квадратний метр,860223.0
Площа полігонів для видалення відходів,Львівська,Не застосовується,Усього,По проекту,2025,Квадратний метр,11234692.0
Площа полігонів для видалення відходів,Полтавська,Не застосовується,Усього,По проекту,2025,Квадратний метр,50468625.0
Площа полігонів для видалення відходів,Україна,Не застосовується,у тому числі для видалення побутових відходів,По проекту,2025,Квадратний метр,39833555.0
Площа полігонів для видалення відходів,Полтавська,Не застосовується,у тому числі для видалення побутових відходів,По проекту,2025,Квадратний метр,1836121.0
Площа полігонів для видалення відходів,Кіровоградська,Усього,Усього,Залишок,2025,Квадратний метр,1935404.0
Площа полігонів для видалення відходів,Україна,Не застосовується,Усього,По проекту,2025,Квадратний метр,298146387.0
Площа полігонів для видалення відходів,Кіровоградська,Усього,у тому числі для видалення побутових відходів,Залишок,2025,Квадратний метр,1154336.0
Площа полігонів для видалення відходів,Миколаївська,Не застосовується,у тому числі для видалення побутових відходів,По проекту,2025,Квадратний метр,898484.0
Площа полігонів для видалення відходів,Одеська,Усього,у тому числі для видалення побутових відходів,Залишок,2025,Квадратний метр,657074.0
Площа полігонів для видалення відходів,Вінницька,Не застосовується,у тому числі для видалення побутових відходів,Залишок,2025,Квадратний метр,111164.0
Площа полігонів для видалення відходів,Одеська,Усього,Усього,Залишок,2025,Квадратний метр,777024.0
Площа полігонів для видалення відходів,Миколаївська,Не застосовується,Усього,По проекту,2025,Квадратний метр,1060592.0
Площа полігонів для видалення відходів,Запорізька,Усього,у тому числі для видалення побутових відходів,Залишок,2025,Квадратний метр,0.0
Площа полігонів для видалення відходів,Луганська,Не застосовується,у тому числі для видалення побутових відходів,По проекту,2025,Квадратний метр,0.0
Площа полігонів для видалення відходів,Луганська,Не застосовується,Усього,По проекту,2025,Квадратний метр,0.0
Площа полігонів для видалення відходів,Луганська,Не застосовується,у тому числі для видалення побутових відходів,Залишок,2025,Квадратний метр,0.0
Площа полігонів для видалення відходів,Волинська,Усього,Усього,Залишок,2025,Квадратний метр,569429.0
Площа полігонів для видалення відходів,Луганська,Не застосовується,Усього,Залишок,2025,Квадратний метр,0.0
Площа полігонів для видалення відходів,Миколаївська,Усього,Усього,По проекту,2025,Квадратний метр,1060592.0
Площа полігонів для видалення відходів,Львівська,Усього,у тому числі для видалення побутових відходів,Залишок,2025,Квадратний метр,306006.0
Площа полігонів для видалення відходів,Волинська,Усього,у тому числі для видалення побутових відходів,Залишок,2025,Квадратний метр,439763.0
Площа полігонів для видалення відходів,Кіровоградська,Усього,у тому числі для видалення побутових відходів,По проекту,2025,Квадратний метр,2408331.0
Площа полігонів для видалення відходів,Івано-Франківська,Усього,у тому числі для видалення побутових відходів,Залишок,2025,Квадратний метр,183363.0
Площа полігонів для видалення відходів,Львівська,Усього,Усього,Залишок,2025,Квадратний метр,712528.0
Площа полігонів для видалення відходів,Закарпатська,Усього,у тому числі для видалення побутових відходів,По проекту,2025,Квадратний метр,291038.0
Площа полігонів для видалення відходів,Житомирська,Не застосовується,Усього,По проекту,2025,Квадратний метр,1527998.0
Площа полігонів для видалення відходів,Волинська,Усього,Усього,По проекту,2025,Квадратний метр,1067370.0
Площа полігонів для видалення відходів,Львівська,Усього,Усього,По проекту,2025,Квадратний метр,11234692.0
Площа полігонів для видалення відходів,Івано-Франківська,Усього,Усього,Залишок,2025,Квадратний метр,393165.0
Площа полігонів для видалення відходів,Луганська,Усього,у тому числі для видалення побутових відходів,По проекту,2025,Квадратний метр,0.0
Площа полігонів для видалення відходів,Полтавська,Усього,Усього,По проекту,2025,Квадратний метр,50468625.0
Площа полігонів для видалення відходів,Запорізька,Не застосовується,у тому числі для видалення побутових відходів,Залишок,2025,Квадратний метр,0.0
Площа полігонів для видалення відходів,Івано-Франківська,Не застосовується,у тому числі для видалення побутових відходів,По проекту,2025,Квадратний метр,522856.0
Площа полігонів для видалення відходів,Запорізька,Не застосовується,Усього,Залишок,2025,Квадратний метр,1414086.0
Площа полігонів для видалення відходів,Івано-Франківська,Усього,Усього,По проекту,2025,Квадратний метр,745276.0
Площа полігонів для видалення відходів,Волинська,Не застосовується,Усього,По проекту,2025,Квадратний метр,1067370.0
Площа полігонів для видалення відходів,Україна,Усього,у тому числі для видалення побутових відходів,По проекту,2025,Квадратний метр,39833555.0
Площа полігонів для видалення відходів,Одеська,Не застосовується,у тому числі для видалення побутових відходів,Залишок,2025,Квадратний метр,657074.0
Площа полігонів для видалення відходів,Волинська,Не застосовується,у тому числі для видалення побутових відходів,По проекту,2025,Квадратний метр,782770.0
Площа полігонів для видалення відходів,Вінницька,Не застосовується,Усього,По проекту,2025,Квадратний метр,499756.0
Площа полігонів для видалення відходів,Кіровоградська,Не застосовується,Усього,По проекту,2025,Квадратний метр,3439464.0
Площа полігонів для видалення відходів,Львівська,Усього,у тому числі для видалення побутових відходів,По проекту,2025,Квадратний метр,860223.0
Площа полігонів для видалення відходів,Закарпатська,Не застосовується,у тому числі для видалення побутових відходів,По проекту,2025,Квадратний метр,291038.0
Площа полігонів для видалення відходів,Дніпропетровська,Усього,у тому числі для видалення побутових відходів,Залишок,2025,Квадратний метр,705063.0
Площа полігонів для видалення відходів,Дніпропетровська,Усього,у тому числі для видалення побутових відходів,По проекту,2025,Квадратний метр,1579888.0
Площа полігонів для видалення відходів,Дніпропетровська,Усього,Усього,Залишок,2025,Квадратний метр,30984010.0
Площа полігонів для видалення відходів,Дніпропетровська,Усього,Усього,По проекту,2025,Квадратний метр,173909323.0
Площа полігонів для видалення відходів,Полтавська,Усього,у тому числі для видалення побутових відходів,Залишок,2025,Квадратний метр,673747.0
Площа полігонів для видалення відходів,Луганська,Усього,у тому числі для видалення побутових відходів,Залишок,2025,Квадратний метр,0.0
Площа полігонів для видалення відходів,Полтавська,Усього,Усього,Залишок,2025,Квадратний метр,14763514.0
Площа полігонів для видалення відходів,Івано-Франківська,Усього,у тому числі для видалення побутових відходів,По проекту,2025,Квадратний метр,522856.0
Площа полігонів для видалення відходів,Луганська,Усього,Усього,Залишок,2025,Квадратний метр,0.0
Площа полігонів для видалення відходів,Київська,Усього,Усього,По проекту,2025,Квадратний метр,5829077.0
Площа полігонів для видалення відходів,Миколаївська,Усього,у тому числі для видалення побутових відходів,По проекту,2025,Квадратний метр,898484.0
Площа полігонів для видалення відходів,Полтавська,Усього,у тому числі для видалення побутових відходів,По проекту,2025,Квадратний метр,1836121.0
Площа полігонів для видалення відходів,Вінницька,Не застосовується,Усього,Залишок,2025,Квадратний метр,112164.0
Площа полігонів для видалення відходів,Житомирська,Усього,Усього,По проекту,2025,Квадратний метр,1527998.0
Площа полігонів для видалення відходів,Кіровоградська,Усього,Усього,По проекту,2025,Квадратний метр,3439464.0
Площа полігонів для видалення відходів,Вінницька,Усього,Усього,По проекту,2025,Квадратний метр,499756.0
Площа полігонів для видалення відходів,Україна,Усього,у тому числі для видалення побутових відходів,Залишок,2025,Квадратний метр,11680735.0
Площа полігонів для видалення відходів,Львівська,Не застосовується,Усього,Залишок,2025,Квадратний метр,712528.0
Площа полігонів для видалення відходів,Волинська,Не застосовується,Усього,Залишок,2025,Квадратний метр,569429.0
Площа полігонів для видалення відходів,Україна,Усього,Усього,Залишок,2025,Квадратний метр,68947339.0
Площа полігонів для видалення відходів,Львівська,Не застосовується,у тому числі для видалення побутових відходів,Залишок,2025,Квадратний метр,306006.0
Площа полігонів для видалення відходів,Київська,Не застосовується,Усього,Залишок,2025,Квадратний метр,5292981.0
Площа полігонів для видалення відходів,Волинська,Усього,у тому числі для видалення побутових відходів,По проекту,2025,Квадратний метр,782770.0
Площа полігонів для видалення відходів,Україна,Усього,Усього,По проекту,2025,Квадратний метр,298146387.0
Площа полігонів для видалення відходів,Житомирська,Усього,у тому числі для видалення побутових відходів,Залишок,2025,Квадратний метр,300530.0
Площа полігонів для видалення відходів,Одеська,Не застосовується,Усього,Залишок,2025,Квадратний метр,777024.0
Площа полігонів для видалення відходів,Волинська,Не застосовується,у тому числі для видалення побутових відходів,Залишок,2025,Квадратний метр,439763.0
Площа полігонів для видалення відходів,Одеська,Усього,у тому числі для видалення побутових відходів,По проекту,2025,Квадратний метр,1075302.0
Площа полігонів для видалення відходів,Київська,Не застосовується,у тому числі для видалення побутових відходів,Залишок,2025,Квадратний метр,483719.0
Площа полігонів для видалення відходів,Івано-Франківська,Не застосовується,Усього,По проекту,2025,Квадратний метр,745276.0
Площа полігонів для видалення відходів,Херсонська,Не застосовується,Усього,Залишок,2025,Квадратний метр,211462.0
Площа полігонів для видалення відходів,Черкаська,Не застосовується,Усього,По проекту,2025,Квадратний метр,1287065.0
Площа полігонів для видалення відходів,Херсонська,Не застосовується,у тому числі для видалення побутових відходів,Залишок,2025,Квадратний метр,14840.0
Площа полігонів для видалення відходів,Черкаська,Не застосовується,у тому числі для видалення побутових відходів,По проекту,2025,Квадратний метр,1042265.0
Площа полігонів для видалення відходів,Сумська,Усього,у тому числі для видалення побутових відходів,По проекту,2025,Квадратний метр,658445.0
Площа полігонів для видалення відходів,Сумська,Усього,Усього,По проекту,2025,Квадратний метр,2918741.0
Площа полігонів для видалення відходів,Хмельницька,Не застосовується,у тому числі для видалення побутових відходів,Залишок,2025,Квадратний метр,316071.0
Потужність установок для оброблення відходів,Дніпропетровська,Установки сумісного спалювання з метою виробництва енергії  або матеріальних продуктів (R1),Не застосовується,Не застосовується,2025,Тонна,544.0
Площа полігонів для видалення відходів,Хмельницька,Не застосовується,Усього,Залишок,2025,Квадратний метр,726807.0
Потужність установок для оброблення відходів,Закарпатська,Установки відновлення відходів (R2-R11),Не застосовується,Не застосовується,2025,Тонна,9804.0
Потужність установок для оброблення відходів,Запорізька,Установки спалювання відходів з метою термічного оброблення (D10),Не застосовується,Не застосовується,2025,Тонна,13000.0
Площа полігонів для видалення відходів,Чернівецька,Не застосовується,Усього,Залишок,2025,Квадратний метр,632988.0
Потужність установок для оброблення відходів,Україна,Установки сумісного спалювання з метою виробництва енергії  або матеріальних продуктів (R1),Не застосовується,Не застосовується,2025,Тонна,1184782.0
Потужність установок для оброблення відходів,Волинська,Установки відновлення відходів (R2-R11),Не застосовується,Не застосовується,2025,Тонна,227690.0
Потужність установок для оброблення відходів,Вінницька,Інші установки для постійного зберігання відходів (D12),Не застосовується,Не застосовується,2025,Тонна,0.0
Потужність установок для оброблення відходів,Донецька,Інші установки для постійного зберігання відходів (D12),Не застосовується,Не застосовується,2025,Тонна,0.0
Площа полігонів для видалення відходів,Київ,Не застосовується,Усього,Залишок,2025,Квадратний метр,2400345.0
Потужність установок для оброблення відходів,Житомирська,Установки сумісного спалювання з метою виробництва енергії  або матеріальних продуктів (R1),Не застосовується,Не застосовується,2025,Тонна,23930.0
Площа полігонів для видалення відходів,Чернівецька,Не застосовується,у тому числі для видалення побутових відходів,Залишок,2025,Квадратний метр,618563.0
Площа полігонів для видалення відходів,Сумська,Не застосовується,Усього,По проекту,2025,Квадратний метр,2918741.0
Потужність установок для оброблення відходів,Вінницька,Усього,Не застосовується,Не застосовується,2025,Тонна,204662.0
Площа полігонів для видалення відходів,Тернопільська,Усього,Усього,По проекту,2025,Квадратний метр,445923.0
Потужність установок для оброблення відходів,Київська,Установки спалювання відходів з метою термічного оброблення (D10),Не застосовується,Не застосовується,2025,Тонна,7467.0
Площа полігонів для видалення відходів,Київ,Не застосовується,у тому числі для видалення побутових відходів,Залишок,2025,Квадратний метр,357500.0
Потужність установок для оброблення відходів,Івано-Франківська,Установки спалювання відходів з метою термічного оброблення (D10),Не застосовується,Не застосовується,2025,Тонна,4122.0
Площа полігонів для видалення відходів,Чернівецька,Не застосовується,у тому числі для видалення побутових відходів,По проекту,2025,Квадратний метр,1294950.0
Площа полігонів для видалення відходів,Рівненська,Не застосовується,у тому числі для видалення побутових відходів,Залишок,2025,Квадратний метр,1183488.0
Площа полігонів для видалення відходів,Тернопільська,Усього,у тому числі для видалення побутових відходів,Залишок,2025,Квадратний метр,141074.0
Площа полігонів для видалення відходів,Тернопільська,Усього,Усього,Залишок,2025,Квадратний метр,150819.0
Площа полігонів для видалення відходів,Рівненська,Не застосовується,Усього,Залишок,2025,Квадратний метр,1555698.0
Площа полігонів для видалення відходів,Чернігівська,Усього,у тому числі для видалення побутових відходів,Залишок,2025,Квадратний метр,393479.0
Потужність установок для оброблення відходів,Івано-Франківська,Установки сумісного спалювання з метою виробництва енергії  або матеріальних продуктів (R1),Не застосовується,Не застосовується,2025,Тонна,202170.0
Потужність установок для оброблення відходів,Закарпатська,Усього,Не застосовується,Не застосовується,2025,Тонна,18422.0
Площа полігонів для видалення відходів,Чернігівська,Усього,Усього,Залишок,2025,Квадратний метр,408961.0
Площа полігонів для видалення відходів,Рівненська,Не застосовується,у тому числі для видалення побутових відходів,По проекту,2025,Квадратний метр,2333621.0
Площа полігонів для видалення відходів,Чернівецька,Усього,у тому числі для видалення побутових відходів,По проекту,2025,Квадратний метр,1294950.0
Площа полігонів для видалення відходів,Черкаська,Усього,у тому числі для видалення побутових відходів,По проекту,2025,Квадратний метр,1042265.0
Потужність установок для оброблення відходів,Закарпатська,Установки спалювання відходів з метою термічного оброблення (D10),Не застосовується,Не застосовується,2025,Тонна,600.0
Площа полігонів для видалення відходів,Хмельницька,Усього,Усього,Залишок,2025,Квадратний метр,726807.0
Площа полігонів для видалення відходів,Рівненська,Усього,у тому числі для видалення побутових відходів,Залишок,2025,Квадратний метр,1183488.0
Потужність установок для оброблення відходів,Дніпропетровська,Інші установки для постійного зберігання відходів (D12),Не застосовується,Не застосовується,2025,Тонна,0.0
Потужність установок для оброблення відходів,Донецька,Усього,Не застосовується,Не застосовується,2025,Тонна,0.0
Площа полігонів для видалення відходів,Рівненська,Усього,Усього,Залишок,2025,Квадратний метр,1555698.0
Потужність установок для оброблення відходів,Запорізька,Установки відновлення відходів (R2-R11),Не застосовується,Не застосовується,2025,Тонна,4695837.0
Потужність установок для оброблення відходів,Житомирська,Інші установки для постійного зберігання відходів (D12),Не застосовується,Не застосовується,2025,Тонна,0.0
Площа полігонів для видалення відходів,Чернівецька,Усього,Усього,По проекту,2025,Квадратний метр,1315468.0
Потужність установок для оброблення відходів,Донецька,Установки сумісного спалювання з метою виробництва енергії  або матеріальних продуктів (R1),Не застосовується,Не застосовується,2025,Тонна,0.0
Площа полігонів для видалення відходів,Херсонська,Не застосовується,у тому числі для видалення побутових відходів,По проекту,2025,Квадратний метр,426526.0
Площа полігонів для видалення відходів,Сумська,Усього,у тому числі для видалення побутових відходів,Залишок,2025,Квадратний метр,259421.0
Потужність установок для оброблення відходів,Україна,Установки спалювання відходів з метою термічного оброблення (D10),Не застосовується,Не застосовується,2025,Тонна,110552.0
Площа полігонів для видалення відходів,Харківська,Не застосовується,Усього,По проекту,2025,Квадратний метр,3002364.0
Площа полігонів для видалення відходів,Хмельницька,Усього,у тому числі для видалення побутових відходів,Залишок,2025,Квадратний метр,316071.0
Площа полігонів для видалення відходів,Київ,Усього,у тому числі для видалення побутових відходів,Залишок,2025,Квадратний метр,357500.0
Площа полігонів для видалення відходів,Київ,Усього,Усього,Залишок,2025,Квадратний метр,2400345.0
Площа полігонів для видалення відходів,Сумська,Не застосовується,у тому числі для видалення побутових відходів,По проекту,2025,Квадратний метр,658445.0
Потужність установок для оброблення відходів,Київська,Установки сумісного спалювання з метою виробництва енергії  або матеріальних продуктів (R1),Не застосовується,Не застосовується,2025,Тонна,0.0
Площа полігонів для видалення відходів,Чернівецька,Усього,у тому числі для видалення побутових відходів,Залишок,2025,Квадратний метр,618563.0
Площа полігонів для видалення відходів,Київ,Усього,Усього,По проекту,2025,Квадратний метр,5845605.0
Площа полігонів для видалення відходів,Чернівецька,Усього,Усього,Залишок,2025,Квадратний метр,632988.0
Площа полігонів для видалення відходів,Харківська,Усього,Усього,По проекту,2025,Квадратний метр,3002364.0
Потужність установок для оброблення відходів,Вінницька,Установки сумісного спалювання з метою виробництва енергії  або матеріальних продуктів (R1),Не застосовується,Не застосовується,2025,Тонна,17012.0
Потужність установок для оброблення відходів,Україна,Усього,Не застосовується,Не застосовується,2025,Тонна,15179960.0
Потужність установок для оброблення відходів,Волинська,Установки спалювання відходів з метою термічного оброблення (D10),Не застосовується,Не застосовується,2025,Тонна,0.0
Потужність установок для оброблення відходів,Волинська,Усього,Не застосовується,Не застосовується,2025,Тонна,395510.0
Площа полігонів для видалення відходів,Чернівецька,Не застосовується,Усього,По проекту,2025,Квадратний метр,1315468.0
Площа полігонів для видалення відходів,Чернігівська,Не застосовується,у тому числі для видалення побутових відходів,Залишок,2025,Квадратний метр,393479.0
Площа полігонів для видалення відходів,Черкаська,Не застосовується,Усього,Залишок,2025,Квадратний метр,341185.0
Потужність установок для оброблення відходів,Донецька,Установки спалювання відходів з метою термічного оброблення (D10),Не застосовується,Не застосовується,2025,Тонна,0.0
Площа полігонів для видалення відходів,Черкаська,Не застосовується,у тому числі для видалення побутових відходів,Залишок,2025,Квадратний метр,304465.0
Потужність установок для оброблення відходів,Закарпатська,Установки сумісного спалювання з метою виробництва енергії  або матеріальних продуктів (R1),Не застосовується,Не застосовується,2025,Тонна,8018.0
Площа полігонів для видалення відходів,Чернігівська,Не застосовується,Усього,Залишок,2025,Квадратний метр,408961.0
Площа полігонів для видалення відходів,Хмельницька,Не застосовується,у тому числі для видалення побутових відходів,По проекту,2025,Квадратний метр,1115120.0
Потужність установок для оброблення відходів,Житомирська,Установки відновлення відходів (R2-R11),Не застосовується,Не застосовується,2025,Тонна,150583.0
Площа полігонів для видалення відходів,Хмельницька,Не застосовується,Усього,По проекту,2025,Квадратний метр,1654522.0
Площа полігонів для видалення відходів,Київ,Не застосовується,у тому числі для видалення побутових відходів,По проекту,2025,Квадратний метр,357500.0
Площа полігонів для видалення відходів,Київ,Не застосовується,Усього,По проекту,2025,Квадратний метр,5845605.0
Потужність установок для оброблення відходів,Дніпропетровська,Установки відновлення відходів (R2-R11),Не застосовується,Не застосовується,2025,Тонна,4297146.0
Площа полігонів для видалення відходів,Сумська,Усього,Усього,Залишок,2025,Квадратний метр,1441311.0
Площа полігонів для видалення відходів,Черкаська,Усього,у тому числі для видалення побутових відходів,Залишок,2025,Квадратний метр,304465.0
Площа полігонів для видалення відходів,Черкаська,Усього,Усього,Залишок,2025,Квадратний метр,341185.0
Площа полігонів для видалення відходів,Херсонська,Не застосовується,Усього,По проекту,2025,Квадратний метр,688326.0
Площа полігонів для видалення відходів,Чернігівська,Не застосовується,у тому числі для видалення побутових відходів,По проекту,2025,Квадратний метр,1553695.0
Потужність установок для оброблення відходів,Запорізька,Інші установки для постійного зберігання відходів (D12),Не застосовується,Не застосовується,2025,Тонна,454210.0
Площа полігонів для видалення відходів,Тернопільська,Не застосовується,у тому числі для видалення побутових відходів,По проекту,2025,Квадратний метр,425200.0
Потужність установок для оброблення відходів,Івано-Франківська,Усього,Не застосовується,Не застосовується,2025,Тонна,257161.0
Потужність установок для оброблення відходів,Україна,Установки відновлення відходів (R2-R11),Не застосовується,Не застосовується,2025,Тонна,13429151.0
Площа полігонів для видалення відходів,Харківська,Не застосовується,у тому числі для видалення побутових відходів,По проекту,2025,Квадратний метр,1003254.0
Площа полігонів для видалення відходів,Київ,Усього,у тому числі для видалення побутових відходів,По проекту,2025,Квадратний метр,357500.0
Площа полігонів для видалення відходів,Харківська,Усього,у тому числі для видалення побутових відходів,Залишок,2025,Квадратний метр,253517.0
Потужність установок для оброблення відходів,Івано-Франківська,Інші установки для постійного зберігання відходів (D12),Не застосовується,Не застосовується,2025,Тонна,0.0
Площа полігонів для видалення відходів,Рівненська,Усього,у тому числі для видалення побутових відходів,По проекту,2025,Квадратний метр,2333621.0
Площа полігонів для видалення відходів,Херсонська,Усього,у тому числі для видалення побутових відходів,По проекту,2025,Квадратний метр,426526.0
Площа полігонів для видалення відходів,Хмельницька,Усього,у тому числі для видалення побутових відходів,По проекту,2025,Квадратний метр,1115120.0
Площа полігонів для видалення відходів,Харківська,Усього,у тому числі для видалення побутових відходів,По проекту,2025,Квадратний метр,1003254.0
Потужність установок для оброблення відходів,Волинська,Установки сумісного спалювання з метою виробництва енергії  або матеріальних продуктів (R1),Не застосовується,Не застосовується,2025,Тонна,167820.0
Потужність установок для оброблення відходів,Вінницька,Установки спалювання відходів з метою термічного оброблення (D10),Не застосовується,Не застосовується,2025,Тонна,0.0
Площа полігонів для видалення відходів,Харківська,Усього,Усього,Залишок,2025,Квадратний метр,293991.0
Потужність установок для оброблення відходів,Дніпропетровська,Установки спалювання відходів з метою термічного оброблення (D10),Не застосовується,Не застосовується,2025,Тонна,200.0
Площа полігонів для видалення відходів,Рівненська,Не застосовується,Усього,По проекту,2025,Квадратний метр,3528141.0
Потужність установок для оброблення відходів,Житомирська,Усього,Не застосовується,Не застосовується,2025,Тонна,177937.0
Потужність установок для оброблення відходів,Запорізька,Установки сумісного спалювання з метою виробництва енергії  або матеріальних продуктів (R1),Не застосовується,Не застосовується,2025,Тонна,0.0
Площа полігонів для видалення відходів,Херсонська,Усього,Усього,Залишок,2025,Квадратний метр,211462.0
Площа полігонів для видалення відходів,Черкаська,Усього,Усього,По проекту,2025,Квадратний метр,1287065.0
Площа полігонів для видалення відходів,Чернігівська,Усього,у тому числі для видалення побутових відходів,По проекту,2025,Квадратний метр,1553695.0
Площа полігонів для видалення відходів,Чернігівська,Усього,Усього,По проекту,2025,Квадратний метр,1952920.0
Потужність установок для оброблення відходів,Донецька,Установки відновлення відходів (R2-R11),Не застосовується,Не застосовується,2025,Тонна,0.0
Площа полігонів для видалення відходів,Тернопільська,Не застосовується,Усього,Залишок,2025,Квадратний метр,150819.0
Площа полігонів для видалення відходів,Тернопільська,Не застосовується,у тому числі для видалення побутових відходів,Залишок,2025,Квадратний метр,141074.0
Потужність установок для оброблення відходів,Запорізька,Усього,Не застосовується,Не застосовується,2025,Тонна,5163047.0
Потужність установок для оброблення відходів,Закарпатська,Інші установки для постійного зберігання відходів (D12),Не застосовується,Не застосовується,2025,Тонна,0.0
Площа полігонів для видалення відходів,Харківська,Не застосовується,у тому числі для видалення побутових відходів,Залишок,2025,Квадратний метр,253517.0
Площа полігонів для видалення відходів,Харківська,Не застосовується,Усього,Залишок,2025,Квадратний метр,293991.0
Потужність установок для оброблення відходів,Вінницька,Установки відновлення відходів (R2-R11),Не застосовується,Не застосовується,2025,Тонна,187650.0
Площа полігонів для видалення відходів,Тернопільська,Не застосовується,Усього,По проекту,2025,Квадратний метр,445923.0
Площа полігонів для видалення відходів,Чернігівська,Не застосовується,Усього,По проекту,2025,Квадратний метр,1952920.0
Потужність установок для оброблення відходів,Житомирська,Установки спалювання відходів з метою термічного оброблення (D10),Не застосовується,Не застосовується,2025,Тонна,3424.0
Потужність установок для оброблення відходів,Дніпропетровська,Усього,Не застосовується,Не застосовується,2025,Тонна,4297890.0
Потужність установок для оброблення відходів,Україна,Інші установки для постійного зберігання відходів (D12),Не застосовується,Не застосовується,2025,Тонна,455475.0
Потужність установок для оброблення відходів,Волинська,Інші установки для постійного зберігання відходів (D12),Не застосовується,Не застосовується,2025,Тонна,0.0
Площа полігонів для видалення відходів,Херсонська,Усього,у тому числі для видалення побутових відходів,Залишок,2025,Квадратний метр,14840.0
Площа полігонів для видалення відходів,Тернопільська,Усього,у тому числі для видалення побутових відходів,По проекту,2025,Квадратний метр,425200.0
Площа полігонів для видалення відходів,Хмельницька,Усього,Усього,По проекту,2025,Квадратний метр,1654522.0
Площа полігонів для видалення відходів,Сумська,Не застосовується,Усього,Залишок,2025,Квадратний метр,1441311.0
Площа полігонів для видалення відходів,Херсонська,Усього,Усього,По проекту,2025,Квадратний метр,688326.0
Площа полігонів для видалення відходів,Сумська,Не застосовується,у тому числі для видалення побутових відходів,Залишок,2025,Квадратний метр,259421.0
Площа полігонів для видалення відходів,Рівненська,Усього,Усього,По проекту,2025,Квадратний метр,3528141.0
Потужність установок для оброблення відходів,Івано-Франківська,Установки відновлення відходів (R2-R11),Не застосовується,Не застосовується,2025,Тонна,50869.0
Потужність установок для оброблення відходів,Київська,Установки відновлення відходів (R2-R11),Не застосовується,Не застосовується,2025,Тонна,50388.0
Об'єм полігонів для видалення відходів,Вінницька,Усього,у тому числі для видалення побутових відходів,По проекту,2025,Кубічний метр,2100392.0
Потужність установок для оброблення відходів,Львівська,Усього,Не застосовується,Не застосовується,2025,Тонна,742344.0
Потужність установок для оброблення відходів,Рівненська,Усього,Не застосовується,Не застосовується,2025,Тонна,67640.0
Потужність установок для оброблення відходів,Кіровоградська,Установки сумісного спалювання з метою виробництва енергії  або матеріальних продуктів (R1),Не застосовується,Не застосовується,2025,Тонна,11153.0
Об'єм полігонів для видалення відходів,Житомирська,Усього,у тому числі для видалення побутових відходів,Залишок,2025,Кубічний метр,15058549.0
Об'єм полігонів для видалення відходів,Житомирська,Усього,Усього,Залишок,2025,Кубічний метр,15222208.0
Потужність установок для оброблення відходів,Львівська,Інші установки для постійного зберігання відходів (D12),Не застосовується,Не застосовується,2025,Тонна,1264.0
Потужність установок для оброблення відходів,Рівненська,Інші установки для постійного зберігання відходів (D12),Не застосовується,Не застосовується,2025,Тонна,0.0
Потужність установок для оброблення відходів,Одеська,Установки спалювання відходів з метою термічного оброблення (D10),Не застосовується,Не застосовується,2025,Тонна,20210.0
Потужність установок для оброблення відходів,Тернопільська,Установки сумісного спалювання з метою виробництва енергії  або матеріальних продуктів (R1),Не застосовується,Не застосовується,2025,Тонна,11254.0
Потужність установок для оброблення відходів,Луганська,Установки спалювання відходів з метою термічного оброблення (D10),Не застосовується,Не застосовується,2025,Тонна,0.0
Об'єм полігонів для видалення відходів,Дніпропетровська,Не застосовується,Усього,По проекту,2025,Кубічний метр,7819365529.0
Потужність установок для оброблення відходів,Черкаська,Установки відновлення відходів (R2-R11),Не застосовується,Не застосовується,2025,Тонна,200450.0
Потужність установок для оброблення відходів,Харківська,Установки відновлення відходів (R2-R11),Не застосовується,Не застосовується,2025,Тонна,87352.0
Потужність установок для оброблення відходів,Чернігівська,Усього,Не застосовується,Не застосовується,2025,Тонна,14364.0
Потужність установок для оброблення відходів,Херсонська,Установки сумісного спалювання з метою виробництва енергії  або матеріальних продуктів (R1),Не застосовується,Не застосовується,2025,Тонна,0.0
Потужність установок для оброблення відходів,Чернівецька,Установки відновлення відходів (R2-R11),Не застосовується,Не застосовується,2025,Тонна,0.0
Потужність установок для оброблення відходів,Сумська,Усього,Не застосовується,Не застосовується,2025,Тонна,165475.0
Потужність установок для оброблення відходів,Хмельницька,Установки спалювання відходів з метою термічного оброблення (D10),Не застосовується,Не застосовується,2025,Тонна,10.0
Об'єм полігонів для видалення відходів,Волинська,Усього,у тому числі для видалення побутових відходів,Залишок,2025,Кубічний метр,4003013.0
Об'єм полігонів для видалення відходів,Волинська,Усього,Усього,Залишок,2025,Кубічний метр,5990302.0
Потужність установок для оброблення відходів,Полтавська,Установки відновлення відходів (R2-R11),Не застосовується,Не застосовується,2025,Тонна,21317.0
Потужність установок для оброблення відходів,Київ,Установки спалювання відходів з метою термічного оброблення (D10),Не застосовується,Не застосовується,2025,Тонна,17559.0
Потужність установок для оброблення відходів,Чернігівська,Інші установки для постійного зберігання відходів (D12),Не застосовується,Не застосовується,2025,Тонна,0.0
Потужність установок для оброблення відходів,Сумська,Інші установки для постійного зберігання відходів (D12),Не застосовується,Не застосовується,2025,Тонна,0.0
Потужність установок для оброблення відходів,Миколаївська,Установки сумісного спалювання з метою виробництва енергії  або матеріальних продуктів (R1),Не застосовується,Не застосовується,2025,Тонна,23.0
Потужність установок для оброблення відходів,Кіровоградська,Усього,Не застосовується,Не застосовується,2025,Тонна,18298.0
Об'єм полігонів для видалення відходів,Житомирська,Усього,у тому числі для видалення побутових відходів,По проекту,2025,Кубічний метр,33313952.0
Потужність установок для оброблення відходів,Кіровоградська,Установки спалювання відходів з метою термічного оброблення (D10),Не застосовується,Не застосовується,2025,Тонна,945.0
Потужність установок для оброблення відходів,Кіровоградська,Інші установки для постійного зберігання відходів (D12),Не застосовується,Не застосовується,2025,Тонна,0.0
Потужність установок для оброблення відходів,Сумська,Установки відновлення відходів (R2-R11),Не застосовується,Не застосовується,2025,Тонна,128019.0
Потужність установок для оброблення відходів,Одеська,Установки відновлення відходів (R2-R11),Не застосовується,Не застосовується,2025,Тонна,204906.0
Об'єм полігонів для видалення відходів,Вінницька,Не застосовується,Усього,По проекту,2025,Кубічний метр,2100392.0
Потужність установок для оброблення відходів,Черкаська,Установки спалювання відходів з метою термічного оброблення (D10),Не застосовується,Не застосовується,2025,Тонна,9641.0
Потужність установок для оброблення відходів,Харківська,Інші установки для постійного зберігання відходів (D12),Не застосовується,Не застосовується,2025,Тонна,0.0
Об'єм полігонів для видалення відходів,Україна,Усього,у тому числі для видалення побутових відходів,По проекту,2025,Кубічний метр,535906549.0
Об'єм полігонів для видалення відходів,Україна,Усього,Усього,По проекту,2025,Кубічний метр,13227562180.0
Потужність установок для оброблення відходів,Луганська,Установки відновлення відходів (R2-R11),Не застосовується,Не застосовується,2025,Тонна,0.0
Потужність установок для оброблення відходів,Херсонська,Усього,Не застосовується,Не застосовується,2025,Тонна,0.0
Об'єм полігонів для видалення відходів,Житомирська,Не застосовується,Усього,Залишок,2025,Кубічний метр,15222208.0
Об'єм полігонів для видалення відходів,Житомирська,Не застосовується,Усього,По проекту,2025,Кубічний метр,33680952.0
Потужність установок для оброблення відходів,Чернівецька,Установки сумісного спалювання з метою виробництва енергії  або матеріальних продуктів (R1),Не застосовується,Не застосовується,2025,Тонна,10886.0
Потужність установок для оброблення відходів,Чернігівська,Установки сумісного спалювання з метою виробництва енергії  або матеріальних продуктів (R1),Не застосовується,Не застосовується,2025,Тонна,6075.0
Потужність установок для оброблення відходів,Тернопільська,Установки спалювання відходів з метою термічного оброблення (D10),Не застосовується,Не застосовується,2025,Тонна,221.0
Потужність установок для оброблення відходів,Тернопільська,Усього,Не застосовується,Не застосовується,2025,Тонна,12836.0
Потужність установок для оброблення відходів,Львівська,Установки відновлення відходів (R2-R11),Не застосовується,Не застосовується,2025,Тонна,596309.0
Потужність установок для оброблення відходів,Одеська,Усього,Не застосовується,Не застосовується,2025,Тонна,243072.0
Об'єм полігонів для видалення відходів,Дніпропетровська,Не застосовується,у тому числі для видалення побутових відходів,По проекту,2025,Кубічний метр,19824426.0
Потужність установок для оброблення відходів,Чернівецька,Інші установки для постійного зберігання відходів (D12),Не застосовується,Не застосовується,2025,Тонна,0.0
Потужність установок для оброблення відходів,Миколаївська,Інші установки для постійного зберігання відходів (D12),Не застосовується,Не застосовується,2025,Тонна,0.0
Об'єм полігонів для видалення відходів,Волинська,Не застосовується,у тому числі для видалення побутових відходів,По проекту,2025,Кубічний метр,9194670.0
Потужність установок для оброблення відходів,Херсонська,Установки спалювання відходів з метою термічного оброблення (D10),Не застосовується,Не застосовується,2025,Тонна,0.0
Потужність установок для оброблення відходів,Рівненська,Установки сумісного спалювання з метою виробництва енергії  або матеріальних продуктів (R1),Не застосовується,Не застосовується,2025,Тонна,59185.0
Об'єм полігонів для видалення відходів,Вінницька,Усього,у тому числі для видалення побутових відходів,Залишок,2025,Кубічний метр,368475.0
Об'єм полігонів для видалення відходів,Вінницька,Усього,Усього,Залишок,2025,Кубічний метр,368475.0
Потужність установок для оброблення відходів,Київ,Установки відновлення відходів (R2-R11),Не застосовується,Не застосовується,2025,Тонна,95957.0
Об'єм полігонів для видалення відходів,Дніпропетровська,Не застосовується,Усього,Залишок,2025,Кубічний метр,1779026410.0
Потужність установок для оброблення відходів,Хмельницька,Установки відновлення відходів (R2-R11),Не застосовується,Не застосовується,2025,Тонна,1338110.0
Потужність установок для оброблення відходів,Полтавська,Установки спалювання відходів з метою термічного оброблення (D10),Не застосовується,Не застосовується,2025,Тонна,0.0
Об'єм полігонів для видалення відходів,Україна,Не застосовується,Усього,По проекту,2025,Кубічний метр,13227562180.0
Потужність установок для оброблення відходів,Полтавська,Усього,Не застосовується,Не застосовується,2025,Тонна,22449.0
Об'єм полігонів для видалення відходів,Вінницька,Усього,Усього,По проекту,2025,Кубічний метр,2100392.0
Об'єм полігонів для видалення відходів,Дніпропетровська,Усього,у тому числі для видалення побутових відходів,По проекту,2025,Кубічний метр,19824426.0
Об'єм полігонів для видалення відходів,Житомирська,Усього,Усього,По проекту,2025,Кубічний метр,33680952.0
Об'єм полігонів для видалення відходів,Дніпропетровська,Не застосовується,у тому числі для видалення побутових відходів,Залишок,2025,Кубічний метр,9825838.0
Об'єм полігонів для видалення відходів,Донецька,Не застосовується,Усього,Залишок,2025,Кубічний метр,49554659.0
Об'єм полігонів для видалення відходів,Донецька,Не застосовується,у тому числі для видалення побутових відходів,Залишок,2025,Кубічний метр,36003243.0
Потужність установок для оброблення відходів,Кіровоградська,Установки відновлення відходів (R2-R11),Не застосовується,Не застосовується,2025,Тонна,6200.0
Об'єм полігонів для видалення відходів,Україна,Не застосовується,у тому числі для видалення побутових відходів,Залишок,2025,Кубічний метр,163487309.0
Потужність установок для оброблення відходів,Луганська,Інші установки для постійного зберігання відходів (D12),Не застосовується,Не застосовується,2025,Тонна,0.0
Потужність установок для оброблення відходів,Харківська,Установки сумісного спалювання з метою виробництва енергії  або матеріальних продуктів (R1),Не застосовується,Не застосовується,2025,Тонна,25306.0
Об'єм полігонів для видалення відходів,Україна,Не застосовується,Усього,Залишок,2025,Кубічний метр,3829006121.0
Потужність установок для оброблення відходів,Хмельницька,Усього,Не застосовується,Не застосовується,2025,Тонна,1620886.0
Об'єм полігонів для видалення відходів,Волинська,Усього,у тому числі для видалення побутових відходів,По проекту,2025,Кубічний метр,9194670.0
Потужність установок для оброблення відходів,Чернігівська,Установки спалювання відходів з метою термічного оброблення (D10),Не застосовується,Не застосовується,2025,Тонна,60.0
Потужність установок для оброблення відходів,Черкаська,Установки сумісного спалювання з метою виробництва енергії  або матеріальних продуктів (R1),Не застосовується,Не застосовується,2025,Тонна,1702.0
Потужність установок для оброблення відходів,Тернопільська,Установки відновлення відходів (R2-R11),Не застосовується,Не застосовується,2025,Тонна,1360.0
Потужність установок для оброблення відходів,Сумська,Установки спалювання відходів з метою термічного оброблення (D10),Не застосовується,Не застосовується,2025,Тонна,15283.0
Об'єм полігонів для видалення відходів,Волинська,Усього,Усього,По проекту,2025,Кубічний метр,12003670.0
Потужність установок для оброблення відходів,Рівненська,Установки спалювання відходів з метою термічного оброблення (D10),Не застосовується,Не застосовується,2025,Тонна,4000.0
Потужність установок для оброблення відходів,Чернівецька,Установки спалювання відходів з метою термічного оброблення (D10),Не застосовується,Не застосовується,2025,Тонна,0.0
Потужність установок для оброблення відходів,Львівська,Установки спалювання відходів з метою термічного оброблення (D10),Не застосовується,Не застосовується,2025,Тонна,3114.0
Потужність установок для оброблення відходів,Луганська,Усього,Не застосовується,Не застосовується,2025,Тонна,0.0
Об'єм полігонів для видалення відходів,Волинська,Не застосовується,Усього,По проекту,2025,Кубічний метр,12003670.0
Потужність установок для оброблення відходів,Черкаська,Усього,Не застосовується,Не застосовується,2025,Тонна,211793.0
Потужність установок для оброблення відходів,Київська,Інші установки для постійного зберігання відходів (D12),Не застосовується,Не застосовується,2025,Тонна,0.0
Об'єм полігонів для видалення відходів,Донецька,Не застосовується,Усього,По проекту,2025,Кубічний метр,1482221984.0
Потужність установок для оброблення відходів,Херсонська,Установки відновлення відходів (R2-R11),Не застосовується,Не застосовується,2025,Тонна,0.0
Потужність установок для оброблення відходів,Миколаївська,Установки відновлення відходів (R2-R11),Не застосовується,Не застосовується,2025,Тонна,1066520.0
Потужність установок для оброблення відходів,Київ,Інші установки для постійного зберігання відходів (D12),Не застосовується,Не застосовується,2025,Тонна,0.0
Об'єм полігонів для видалення відходів,Донецька,Усього,Усього,По проекту,2025,Кубічний метр,1482221984.0
Потужність установок для оброблення відходів,Хмельницька,Інші установки для постійного зберігання відходів (D12),Не застосовується,Не застосовується,2025,Тонна,0.0
Потужність установок для оброблення відходів,Полтавська,Установки сумісного спалювання з метою виробництва енергії  або матеріальних продуктів (R1),Не застосовується,Не застосовується,2025,Тонна,1132.0
Потужність установок для оброблення відходів,Київська,Усього,Не застосовується,Не застосовується,2025,Тонна,57855.0
Об'єм полігонів для видалення відходів,Дніпропетровська,Усього,Усього,По проекту,2025,Кубічний метр,7819365529.0
Об'єм полігонів для видалення відходів,Україна,Не застосовується,у тому числі для видалення побутових відходів,По проекту,2025,Кубічний метр,535906549.0
Потужність установок для оброблення відходів,Київ,Усього,Не застосовується,Не застосовується,2025,Тонна,287536.0
Об'єм полігонів для видалення відходів,Дніпропетровська,Усього,у тому числі для видалення побутових відходів,Залишок,2025,Кубічний метр,9825838.0
Об'єм полігонів для видалення відходів,Дніпропетровська,Усього,Усього,Залишок,2025,Кубічний метр,1779026410.0
Об'єм полігонів для видалення відходів,Волинська,Не застосовується,Усього,Залишок,2025,Кубічний метр,5990302.0
Об'єм полігонів для видалення відходів,Україна,Усього,Усього,Залишок,2025,Кубічний метр,3829006121.0
Об'єм полігонів для видалення відходів,Україна,Усього,у тому числі для видалення побутових відходів,Залишок,2025,Кубічний метр,163487309.0
Потужність установок для оброблення відходів,Чернігівська,Установки відновлення відходів (R2-R11),Не застосовується,Не застосовується,2025,Тонна,8229.0
Потужність установок для оброблення відходів,Луганська,Установки сумісного спалювання з метою виробництва енергії  або матеріальних продуктів (R1),Не застосовується,Не застосовується,2025,Тонна,0.0
Потужність установок для оброблення відходів,Рівненська,Установки відновлення відходів (R2-R11),Не застосовується,Не застосовується,2025,Тонна,4455.0
Об'єм полігонів для видалення відходів,Донецька,Усього,Усього,Залишок,2025,Кубічний метр,49554659.0
Потужність установок для оброблення відходів,Черкаська,Інші установки для постійного зберігання відходів (D12),Не застосовується,Не застосовується,2025,Тонна,0.0
Потужність установок для оброблення відходів,Харківська,Установки спалювання відходів з метою термічного оброблення (D10),Не застосовується,Не застосовується,2025,Тонна,736.0
Об'єм полігонів для видалення відходів,Донецька,Усього,у тому числі для видалення побутових відходів,Залишок,2025,Кубічний метр,36003243.0
Потужність установок для оброблення відходів,Одеська,Установки сумісного спалювання з метою виробництва енергії  або матеріальних продуктів (R1),Не застосовується,Не застосовується,2025,Тонна,17956.0
Потужність установок для оброблення відходів,Сумська,Установки сумісного спалювання з метою виробництва енергії  або матеріальних продуктів (R1),Не застосовується,Не застосовується,2025,Тонна,22173.0
Об'єм полігонів для видалення відходів,Вінницька,Не застосовується,у тому числі для видалення побутових відходів,По проекту,2025,Кубічний метр,2100392.0
Потужність установок для оброблення відходів,Чернівецька,Усього,Не застосовується,Не застосовується,2025,Тонна,10886.0
Потужність установок для оброблення відходів,Харківська,Усього,Не застосовується,Не застосовується,2025,Тонна,113394.0
Об'єм полігонів для видалення відходів,Вінницька,Не застосовується,у тому числі для видалення побутових відходів,Залишок,2025,Кубічний метр,368475.0
Потужність установок для оброблення відходів,Львівська,Установки сумісного спалювання з метою виробництва енергії  або матеріальних продуктів (R1),Не застосовується,Не застосовується,2025,Тонна,141657.0
Об'єм полігонів для видалення відходів,Донецька,Не застосовується,у тому числі для видалення побутових відходів,По проекту,2025,Кубічний метр,93404665.0
Потужність установок для оброблення відходів,Херсонська,Інші установки для постійного зберігання відходів (D12),Не застосовується,Не застосовується,2025,Тонна,0.0
Об'єм полігонів для видалення відходів,Вінницька,Не застосовується,Усього,Залишок,2025,Кубічний метр,368475.0
Потужність установок для оброблення відходів,Хмельницька,Установки сумісного спалювання з метою виробництва енергії  або матеріальних продуктів (R1),Не застосовується,Не застосовується,2025,Тонна,282766.0
Потужність установок для оброблення відходів,Полтавська,Інші установки для постійного зберігання відходів (D12),Не застосовується,Не застосовується,2025,Тонна,0.0
Потужність установок для оброблення відходів,Миколаївська,Установки спалювання відходів з метою термічного оброблення (D10),Не застосовується,Не застосовується,2025,Тонна,9960.0
Потужність установок для оброблення відходів,Одеська,Інші установки для постійного зберігання відходів (D12),Не застосовується,Не застосовується,2025,Тонна,0.0
Потужність установок для оброблення відходів,Тернопільська,Інші установки для постійного зберігання відходів (D12),Не застосовується,Не застосовується,2025,Тонна,1.0
Об'єм полігонів для видалення відходів,Донецька,Усього,у тому числі для видалення побутових відходів,По проекту,2025,Кубічний метр,93404665.0
Потужність установок для оброблення відходів,Миколаївська,Усього,Не застосовується,Не застосовується,2025,Тонна,1076503.0
Об'єм полігонів для видалення відходів,Волинська,Не застосовується,у тому числі для видалення побутових відходів,Залишок,2025,Кубічний метр,4003013.0
Потужність установок для оброблення відходів,Київ,Установки сумісного спалювання з метою виробництва енергії  або матеріальних продуктів (R1),Не застосовується,Не застосовується,2025,Тонна,174020.0
Об'єм полігонів для видалення відходів,Івано-Франківська,Не застосовується,у тому числі для видалення побутових відходів,Залишок,2025,Кубічний метр,1034774.0
Об'єм полігонів для видалення відходів,Івано-Франківська,Не застосовується,Усього,Залишок,2025,Кубічний метр,1762089.0
Об'єм полігонів для видалення відходів,Запорізька,Усього,Усього,Залишок,2025,Кубічний метр,44305878.0
Об'єм полігонів для видалення відходів,Сумська,Усього,Усього,Залишок,2025,Кубічний метр,11709819.0
Об'єм полігонів для видалення відходів,Харківська,Не застосовується,у тому числі для видалення побутових відходів,Залишок,2025,Кубічний метр,2112483.0
Об'єм полігонів для видалення відходів,Запорізька,Не застосовується,у тому числі для видалення побутових відходів,По проекту,2025,Кубічний метр,1304000.0
Об'єм полігонів для видалення відходів,Запорізька,Не застосовується,Усього,По проекту,2025,Кубічний метр,139657962.0
Об'єм полігонів для видалення відходів,Одеська,Усього,Усього,Залишок,2025,Кубічний метр,18567402.0
Об'єм полігонів для видалення відходів,Запорізька,Усього,у тому числі для видалення побутових відходів,Залишок,2025,Кубічний метр,560072.0
Об'єм полігонів для видалення відходів,Харківська,Не застосовується,Усього,Залишок,2025,Кубічний метр,2247968.0
Об'єм полігонів для видалення відходів,Сумська,Усього,у тому числі для видалення побутових відходів,Залишок,2025,Кубічний метр,8182291.0
Об'єм полігонів для видалення відходів,Одеська,Усього,у тому числі для видалення побутових відходів,Залишок,2025,Кубічний метр,18567402.0
Об'єм полігонів для видалення відходів,Сумська,Усього,Усього,По проекту,2025,Кубічний метр,48641658.0
Об'єм полігонів для видалення відходів,Полтавська,Усього,Усього,Залишок,2025,Кубічний метр,1787893379.0
Об'єм полігонів для видалення відходів,Полтавська,Усього,у тому числі для видалення побутових відходів,Залишок,2025,Кубічний метр,5767051.0
Об'єм полігонів для видалення відходів,Кіровоградська,Усього,Усього,Залишок,2025,Кубічний метр,5512572.0
Об'єм полігонів для видалення відходів,Кіровоградська,Усього,у тому числі для видалення побутових відходів,Залишок,2025,Кубічний метр,5141732.0
Об'єм полігонів для видалення відходів,Львівська,Усього,Усього,Залишок,2025,Кубічний метр,19309082.0
Об'єм полігонів для видалення відходів,Львівська,Усього,у тому числі для видалення побутових відходів,Залишок,2025,Кубічний метр,5150292.0
Об'єм полігонів для видалення відходів,Івано-Франківська,Усього,Усього,По проекту,2025,Кубічний метр,15000478.0
Об'єм полігонів для видалення відходів,Одеська,Не застосовується,Усього,По проекту,2025,Кубічний метр,26074122.0
Об'єм полігонів для видалення відходів,Івано-Франківська,Усього,Усього,Залишок,2025,Кубічний метр,1762089.0
Об'єм полігонів для видалення відходів,Закарпатська,Усього,Усього,Залишок,2025,Кубічний метр,720642.0
Об'єм полігонів для видалення відходів,Луганська,Не застосовується,у тому числі для видалення побутових відходів,Залишок,2025,Кубічний метр,0.0
Об'єм полігонів для видалення відходів,Закарпатська,Усього,у тому числі для видалення побутових відходів,Залишок,2025,Кубічний метр,720642.0
Об'єм полігонів для видалення відходів,Івано-Франківська,Усього,у тому числі для видалення побутових відходів,Залишок,2025,Кубічний метр,1034774.0
Об'єм полігонів для видалення відходів,Тернопільська,Усього,Усього,По проекту,2025,Кубічний метр,1956700.0
Об'єм полігонів для видалення відходів,Запорізька,Усього,Усього,По проекту,2025,Кубічний метр,139657962.0
Об'єм полігонів для видалення відходів,Запорізька,Не застосовується,Усього,Залишок,2025,Кубічний метр,44305878.0
Об'єм полігонів для видалення відходів,Запорізька,Не застосовується,у тому числі для видалення побутових відходів,Залишок,2025,Кубічний метр,560072.0
Об'єм полігонів для видалення відходів,Харківська,Усього,у тому числі для видалення побутових відходів,Залишок,2025,Кубічний метр,2112483.0
Об'єм полігонів для видалення відходів,Харківська,Усього,Усього,Залишок,2025,Кубічний метр,2247968.0
Об'єм полігонів для видалення відходів,Сумська,Не застосовується,Усього,По проекту,2025,Кубічний метр,48641658.0
Об'єм полігонів для видалення відходів,Луганська,Не застосовується,Усього,Залишок,2025,Кубічний метр,0.0
Об'єм полігонів для видалення відходів,Тернопільська,Не застосовується,у тому числі для видалення побутових відходів,По проекту,2025,Кубічний метр,1826700.0
Об'єм полігонів для видалення відходів,Київська,Не застосовується,Усього,По проекту,2025,Кубічний метр,66885582.0
Об'єм полігонів для видалення відходів,Хмельницька,Усього,Усього,Залишок,2025,Кубічний метр,7092472.0
Об'єм полігонів для видалення відходів,Тернопільська,Не застосовується,Усього,По проекту,2025,Кубічний метр,1956700.0
Об'єм полігонів для видалення відходів,Хмельницька,Усього,у тому числі для видалення побутових відходів,Залишок,2025,Кубічний метр,5088767.0
Об'єм полігонів для видалення відходів,Полтавська,Усього,у тому числі для видалення побутових відходів,По проекту,2025,Кубічний метр,13109189.0
Об'єм полігонів для видалення відходів,Миколаївська,Усього,у тому числі для видалення побутових відходів,По проекту,2025,Кубічний метр,64988258.0
Об'єм полігонів для видалення відходів,Івано-Франківська,Не застосовується,у тому числі для видалення побутових відходів,По проекту,2025,Кубічний метр,13613902.0
Об'єм полігонів для видалення відходів,Хмельницька,Усього,у тому числі для видалення побутових відходів,По проекту,2025,Кубічний метр,15737004.0
Об'єм полігонів для видалення відходів,Івано-Франківська,Не застосовується,Усього,По проекту,2025,Кубічний метр,15000478.0
Об'єм полігонів для видалення відходів,Закарпатська,Не застосовується,у тому числі для видалення побутових відходів,По проекту,2025,Кубічний метр,4962916.0
Об'єм полігонів для видалення відходів,Хмельницька,Усього,Усього,По проекту,2025,Кубічний метр,18579993.0
Об'єм полігонів для видалення відходів,Житомирська,Не застосовується,у тому числі для видалення побутових відходів,Залишок,2025,Кубічний метр,15058549.0
Об'єм полігонів для видалення відходів,Львівська,Усього,у тому числі для видалення побутових відходів,По проекту,2025,Кубічний метр,20163826.0
Об'єм полігонів для видалення відходів,Рівненська,Не застосовується,Усього,По проекту,2025,Кубічний метр,28964306.0
Об'єм полігонів для видалення відходів,Одеська,Усього,у тому числі для видалення побутових відходів,По проекту,2025,Кубічний метр,26073122.0
Об'єм полігонів для видалення відходів,Херсонська,Усього,Усього,По проекту,2025,Кубічний метр,826853.0
Об'єм полігонів для видалення відходів,Рівненська,Усього,у тому числі для видалення побутових відходів,Залишок,2025,Кубічний метр,6743876.0
Об'єм полігонів для видалення відходів,Кіровоградська,Не застосовується,у тому числі для видалення побутових відходів,Залишок,2025,Кубічний метр,5141732.0
Об'єм полігонів для видалення відходів,Рівненська,Усього,Усього,Залишок,2025,Кубічний метр,7419913.0
Об'єм полігонів для видалення відходів,Кіровоградська,Не застосовується,Усього,Залишок,2025,Кубічний метр,5512572.0
Об'єм полігонів для видалення відходів,Київська,Усього,Усього,По проекту,2025,Кубічний метр,66885582.0
Об'єм полігонів для видалення відходів,Миколаївська,Не застосовується,у тому числі для видалення побутових відходів,По проекту,2025,Кубічний метр,64988258.0
Об'єм полігонів для видалення відходів,Івано-Франківська,Усього,у тому числі для видалення побутових відходів,По проекту,2025,Кубічний метр,13613902.0
Об'єм полігонів для видалення відходів,Полтавська,Не застосовується,Усього,Залишок,2025,Кубічний метр,1787893379.0
Об'єм полігонів для видалення відходів,Одеська,Не застосовується,у тому числі для видалення побутових відходів,По проекту,2025,Кубічний метр,26073122.0
Об'єм полігонів для видалення відходів,Тернопільська,Усього,у тому числі для видалення побутових відходів,По проекту,2025,Кубічний метр,1826700.0
Об'єм полігонів для видалення відходів,Кіровоградська,Не застосовується,Усього,По проекту,2025,Кубічний метр,12932850.0
Об'єм полігонів для видалення відходів,Полтавська,Не застосовується,у тому числі для видалення побутових відходів,Залишок,2025,Кубічний метр,5767051.0
Об'єм полігонів для видалення відходів,Львівська,Не застосовується,у тому числі для видалення побутових відходів,По проекту,2025,Кубічний метр,20163826.0
Об'єм полігонів для видалення відходів,Кіровоградська,Усього,у тому числі для видалення побутових відходів,По проекту,2025,Кубічний метр,11554928.0
Об'єм полігонів для видалення відходів,Кіровоградська,Усього,Усього,По проекту,2025,Кубічний метр,12932850.0
Об'єм полігонів для видалення відходів,Харківська,Не застосовується,у тому числі для видалення побутових відходів,По проекту,2025,Кубічний метр,24151299.0
Об'єм полігонів для видалення відходів,Харківська,Не застосовується,Усього,По проекту,2025,Кубічний метр,28041634.0
Об'єм полігонів для видалення відходів,Хмельницька,Не застосовується,Усього,По проекту,2025,Кубічний метр,18579993.0
Об'єм полігонів для видалення відходів,Херсонська,Не застосовується,у тому числі для видалення побутових відходів,Залишок,2025,Кубічний метр,229388.0
Об'єм полігонів для видалення відходів,Полтавська,Не застосовується,Усього,По проекту,2025,Кубічний метр,2783378787.0
Об'єм полігонів для видалення відходів,Херсонська,Не застосовується,Усього,По проекту,2025,Кубічний метр,826853.0
Об'єм полігонів для видалення відходів,Хмельницька,Не застосовується,Усього,Залишок,2025,Кубічний метр,7092472.0
Об'єм полігонів для видалення відходів,Херсонська,Не застосовується,у тому числі для видалення побутових відходів,По проекту,2025,Кубічний метр,434153.0
Об'єм полігонів для видалення відходів,Полтавська,Не застосовується,у тому числі для видалення побутових відходів,По проекту,2025,Кубічний метр,13109189.0
Об'єм полігонів для видалення відходів,Миколаївська,Усього,у тому числі для видалення побутових відходів,Залишок,2025,Кубічний метр,6689446.0
Об'єм полігонів для видалення відходів,Херсонська,Не застосовується,Усього,Залишок,2025,Кубічний метр,524321.0
Об'єм полігонів для видалення відходів,Київська,Усього,Усього,Залишок,2025,Кубічний метр,4760087.0
Об'єм полігонів для видалення відходів,Миколаївська,Не застосовується,Усього,По проекту,2025,Кубічний метр,124670406.0
Об'єм полігонів для видалення відходів,Київська,Усього,у тому числі для видалення побутових відходів,Залишок,2025,Кубічний метр,2901021.0
Об'єм полігонів для видалення відходів,Рівненська,Усього,у тому числі для видалення побутових відходів,По проекту,2025,Кубічний метр,26886453.0
Об'єм полігонів для видалення відходів,Рівненська,Усього,Усього,По проекту,2025,Кубічний метр,28964306.0
Об'єм полігонів для видалення відходів,Миколаївська,Усього,Усього,Залишок,2025,Кубічний метр,21732846.0
Об'єм полігонів для видалення відходів,Закарпатська,Не застосовується,у тому числі для видалення побутових відходів,Залишок,2025,Кубічний метр,720642.0
Об'єм полігонів для видалення відходів,Закарпатська,Не застосовується,Усього,Залишок,2025,Кубічний метр,720642.0
Об'єм полігонів для видалення відходів,Львівська,Не застосовується,Усього,По проекту,2025,Кубічний метр,418207702.0
Об'єм полігонів для видалення відходів,Луганська,Не застосовується,у тому числі для видалення побутових відходів,По проекту,2025,Кубічний метр,0.0
Об'єм полігонів для видалення відходів,Херсонська,Усього,у тому числі для видалення побутових відходів,По проекту,2025,Кубічний метр,434153.0
Об'єм полігонів для видалення відходів,Одеська,Усього,Усього,По проекту,2025,Кубічний метр,26074122.0
Об'єм полігонів для видалення відходів,Миколаївська,Не застосовується,у тому числі для видалення побутових відходів,Залишок,2025,Кубічний метр,6689446.0
Об'єм полігонів для видалення відходів,Миколаївська,Не застосовується,Усього,Залишок,2025,Кубічний метр,21732846.0
Об'єм полігонів для видалення відходів,Київська,Усього,у тому числі для видалення побутових відходів,По проекту,2025,Кубічний метр,13760056.0
Об'єм полігонів для видалення відходів,Тернопільська,Усього,Усього,Залишок,2025,Кубічний метр,1006401.0
Об'єм полігонів для видалення відходів,Полтавська,Усього,Усього,По проекту,2025,Кубічний метр,2783378787.0
Об'єм полігонів для видалення відходів,Закарпатська,Усього,у тому числі для видалення побутових відходів,По проекту,2025,Кубічний метр,4962916.0
Об'єм полігонів для видалення відходів,Рівненська,Не застосовується,Усього,Залишок,2025,Кубічний метр,7419913.0
Об'єм полігонів для видалення відходів,Кіровоградська,Не застосовується,у тому числі для видалення побутових відходів,По проекту,2025,Кубічний метр,11554928.0
Об'єм полігонів для видалення відходів,Рівненська,Не застосовується,у тому числі для видалення побутових відходів,По проекту,2025,Кубічний метр,26886453.0
Об'єм полігонів для видалення відходів,Рівненська,Не застосовується,у тому числі для видалення побутових відходів,Залишок,2025,Кубічний метр,6743876.0
Об'єм полігонів для видалення відходів,Тернопільська,Усього,у тому числі для видалення побутових відходів,Залишок,2025,Кубічний метр,956832.0
Об'єм полігонів для видалення відходів,Тернопільська,Не застосовується,Усього,Залишок,2025,Кубічний метр,1006401.0
Об'єм полігонів для видалення відходів,Сумська,Не застосовується,Усього,Залишок,2025,Кубічний метр,11709819.0
Об'єм полігонів для видалення відходів,Київська,Не застосовується,у тому числі для видалення побутових відходів,Залишок,2025,Кубічний метр,2901021.0
Об'єм полігонів для видалення відходів,Київська,Не застосовується,Усього,Залишок,2025,Кубічний метр,4760087.0
Об'єм полігонів для видалення відходів,Тернопільська,Не застосовується,у тому числі для видалення побутових відходів,Залишок,2025,Кубічний метр,956832.0
Об'єм полігонів для видалення відходів,Київська,Не застосовується,у тому числі для видалення побутових відходів,По проекту,2025,Кубічний метр,13760056.0
Об'єм полігонів для видалення відходів,Одеська,Не застосовується,у тому числі для видалення побутових відходів,Залишок,2025,Кубічний метр,18567402.0
Об'єм полігонів для видалення відходів,Херсонська,Усього,Усього,Залишок,2025,Кубічний метр,524321.0
Об'єм полігонів для видалення відходів,Сумська,Не застосовується,у тому числі для видалення побутових відходів,Залишок,2025,Кубічний метр,8182291.0
Об'єм полігонів для видалення відходів,Львівська,Не застосовується,у тому числі для видалення побутових відходів,Залишок,2025,Кубічний метр,5150292.0
Об'єм полігонів для видалення відходів,Херсонська,Усього,у тому числі для видалення побутових відходів,Залишок,2025,Кубічний метр,229388.0
Об'єм полігонів для видалення відходів,Миколаївська,Усього,Усього,По проекту,2025,Кубічний метр,124670406.0
Об'єм полігонів для видалення відходів,Львівська,Не застосовується,Усього,Залишок,2025,Кубічний метр,19309082.0
Об'єм полігонів для видалення відходів,Луганська,Усього,у тому числі для видалення побутових відходів,По проекту,2025,Кубічний метр,0.0
Об'єм полігонів для видалення відходів,Луганська,Усього,Усього,По проекту,2025,Кубічний метр,0.0
Об'єм полігонів для видалення відходів,Закарпатська,Не застосовується,Усього,По проекту,2025,Кубічний метр,4962916.0
Об'єм полігонів для видалення відходів,Харківська,Усього,у тому числі для видалення побутових відходів,По проекту,2025,Кубічний метр,24151299.0
Об'єм полігонів для видалення відходів,Харківська,Усього,Усього,По проекту,2025,Кубічний метр,28041634.0
Об'єм полігонів для видалення відходів,Житомирська,Не застосовується,у тому числі для видалення побутових відходів,По проекту,2025,Кубічний метр,33313952.0
Об'єм полігонів для видалення відходів,Сумська,Усього,у тому числі для видалення побутових відходів,По проекту,2025,Кубічний метр,13841891.0
Об'єм полігонів для видалення відходів,Львівська,Усього,Усього,По проекту,2025,Кубічний метр,418207702.0
Об'єм полігонів для видалення відходів,Луганська,Усього,у тому числі для видалення побутових відходів,Залишок,2025,Кубічний метр,0.0
Об'єм полігонів для видалення відходів,Луганська,Усього,Усього,Залишок,2025,Кубічний метр,0.0
Об'єм полігонів для видалення відходів,Запорізька,Усього,у тому числі для видалення побутових відходів,По проекту,2025,Кубічний метр,1304000.0
Об'єм полігонів для видалення відходів,Луганська,Не застосовується,Усього,По проекту,2025,Кубічний метр,0.0
Об'єм полігонів для видалення відходів,Сумська,Не застосовується,у тому числі для видалення побутових відходів,По проекту,2025,Кубічний метр,13841891.0
Об'єм полігонів для видалення відходів,Одеська,Не застосовується,Усього,Залишок,2025,Кубічний метр,18567402.0
Об'єм полігонів для видалення відходів,Закарпатська,Усього,Усього,По проекту,2025,Кубічний метр,4962916.0
Кількість установок для оброблення відходів,Україна,Установки відновлення відходів (R2-R11),Не застосовується,Не застосовується,2025,Одиниця,171.0
Об'єм полігонів для видалення відходів,Черкаська,Не застосовується,Усього,Залишок,2025,Кубічний метр,4915749.0
Кількість установок для оброблення відходів,Львівська,Установки відновлення відходів (R2-R11),Не застосовується,Не застосовується,2025,Одиниця,13.0
Об'єм полігонів для видалення відходів,Черкаська,Не застосовується,у тому числі для видалення побутових відходів,Залишок,2025,Кубічний метр,4817624.0
Кількість установок для оброблення відходів,Тернопільська,Інші установки для постійного зберігання відходів (D12),Не застосовується,Не застосовується,2025,Одиниця,1.0
Кількість установок для оброблення відходів,Миколаївська,Усього,Не застосовується,Не застосовується,2025,Одиниця,15.0
Кількість установок для оброблення відходів,Івано-Франківська,Усього,Не застосовується,Не застосовується,2025,Одиниця,16.0
Кількість установок для оброблення відходів,Вінницька,Установки відновлення відходів (R2-R11),Не застосовується,Не застосовується,2025,Одиниця,3.0
Кількість установок для оброблення відходів,Волинська,Установки сумісного спалювання з метою виробництва енергії  або матеріальних продуктів (R1),Не застосовується,Не застосовується,2025,Одиниця,27.0
Об'єм полігонів для видалення відходів,Чернігівська,Усього,у тому числі для видалення побутових відходів,По проекту,2025,Кубічний метр,4215230.0
Об'єм полігонів для видалення відходів,Чернігівська,Усього,Усього,По проекту,2025,Кубічний метр,5640166.0
Об'єм полігонів для видалення відходів,Чернівецька,Не застосовується,у тому числі для видалення побутових відходів,По проекту,2025,Кубічний метр,2513861.0
Кількість установок для оброблення відходів,Івано-Франківська,Інші установки для постійного зберігання відходів (D12),Не застосовується,Не застосовується,2025,Одиниця,0.0
Кількість установок для оброблення відходів,Івано-Франківська,Установки сумісного спалювання з метою виробництва енергії  або матеріальних продуктів (R1),Не застосовується,Не застосовується,2025,Одиниця,6.0
Кількість установок для оброблення відходів,Київська,Установки сумісного спалювання з метою виробництва енергії  або матеріальних продуктів (R1),Не застосовується,Не застосовується,2025,Одиниця,0.0
Об'єм полігонів для видалення відходів,Черкаська,Не застосовується,Усього,По проекту,2025,Кубічний метр,32233656.0
Об'єм полігонів для видалення відходів,Чернігівська,Не застосовується,Усього,Залишок,2025,Кубічний метр,1508480.0
Кількість установок для оброблення відходів,Сумська,Установки відновлення відходів (R2-R11),Не застосовується,Не застосовується,2025,Одиниця,6.0
Кількість установок для оброблення відходів,Одеська,Інші установки для постійного зберігання відходів (D12),Не застосовується,Не застосовується,2025,Одиниця,0.0
Об'єм полігонів для видалення відходів,Чернігівська,Не застосовується,у тому числі для видалення побутових відходів,Залишок,2025,Кубічний метр,1487019.0
Об'єм полігонів для видалення відходів,Черкаська,Усього,у тому числі для видалення побутових відходів,Залишок,2025,Кубічний метр,4817624.0
Кількість установок для оброблення відходів,Кіровоградська,Інші установки для постійного зберігання відходів (D12),Не застосовується,Не застосовується,2025,Одиниця,0.0
Кількість установок для оброблення відходів,Полтавська,Установки відновлення відходів (R2-R11),Не застосовується,Не застосовується,2025,Одиниця,4.0
Кількість установок для оброблення відходів,Донецька,Установки відновлення відходів (R2-R11),Не застосовується,Не застосовується,2025,Одиниця,0.0
Об'єм полігонів для видалення відходів,Черкаська,Усього,Усього,Залишок,2025,Кубічний метр,4915749.0
Кількість установок для оброблення відходів,Одеська,Усього,Не застосовується,Не застосовується,2025,Одиниця,23.0
Кількість установок для оброблення відходів,Запорізька,Установки сумісного спалювання з метою виробництва енергії  або матеріальних продуктів (R1),Не застосовується,Не застосовується,2025,Одиниця,0.0
Кількість установок для оброблення відходів,Луганська,Установки сумісного спалювання з метою виробництва енергії  або матеріальних продуктів (R1),Не застосовується,Не застосовується,2025,Одиниця,0.0
Кількість установок для оброблення відходів,Дніпропетровська,Установки відновлення відходів (R2-R11),Не застосовується,Не застосовується,2025,Одиниця,23.0
Кількість установок для оброблення відходів,Житомирська,Установки відновлення відходів (R2-R11),Не застосовується,Не застосовується,2025,Одиниця,15.0
Кількість установок для оброблення відходів,Закарпатська,Установки сумісного спалювання з метою виробництва енергії  або матеріальних продуктів (R1),Не застосовується,Не застосовується,2025,Одиниця,5.0
Кількість установок для оброблення відходів,Україна,Інші установки для постійного зберігання відходів (D12),Не застосовується,Не застосовується,2025,Одиниця,3.0
Об'єм полігонів для видалення відходів,Чернігівська,Не застосовується,у тому числі для видалення побутових відходів,По проекту,2025,Кубічний метр,4215230.0
Об'єм полігонів для видалення відходів,Чернігівська,Не застосовується,Усього,По проекту,2025,Кубічний метр,5640166.0
Кількість установок для оброблення відходів,Вінницька,Інші установки для постійного зберігання відходів (D12),Не застосовується,Не застосовується,2025,Одиниця,0.0
Об'єм полігонів для видалення відходів,Черкаська,Усього,Усього,По проекту,2025,Кубічний метр,32233656.0
Кількість установок для оброблення відходів,Львівська,Інші установки для постійного зберігання відходів (D12),Не застосовується,Не застосовується,2025,Одиниця,1.0
Кількість установок для оброблення відходів,Волинська,Інші установки для постійного зберігання відходів (D12),Не застосовується,Не застосовується,2025,Одиниця,0.0
Кількість установок для оброблення відходів,Київська,Інші установки для постійного зберігання відходів (D12),Не застосовується,Не застосовується,2025,Одиниця,0.0
Кількість установок для оброблення відходів,Одеська,Установки сумісного спалювання з метою виробництва енергії  або матеріальних продуктів (R1),Не застосовується,Не застосовується,2025,Одиниця,6.0
Кількість установок для оброблення відходів,Луганська,Усього,Не застосовується,Не застосовується,2025,Одиниця,0.0
Кількість установок для оброблення відходів,Івано-Франківська,Установки відновлення відходів (R2-R11),Не застосовується,Не застосовується,2025,Одиниця,3.0
Об'єм полігонів для видалення відходів,Чернівецька,Усього,Усього,Залишок,2025,Кубічний метр,1148279.0
Об'єм полігонів для видалення відходів,Чернівецька,Усього,у тому числі для видалення побутових відходів,Залишок,2025,Кубічний метр,1111648.0
Кількість установок для оброблення відходів,Кіровоградська,Установки відновлення відходів (R2-R11),Не застосовується,Не застосовується,2025,Одиниця,7.0
Об'єм полігонів для видалення відходів,Київ,Усього,у тому числі для видалення побутових відходів,Залишок,2025,Кубічний метр,20965831.0
Об'єм полігонів для видалення відходів,Київ,Усього,Усього,Залишок,2025,Кубічний метр,36706688.0
Кількість установок для оброблення відходів,Сумська,Установки спалювання відходів з метою термічного оброблення (D10),Не застосовується,Не застосовується,2025,Одиниця,3.0
Кількість установок для оброблення відходів,Миколаївська,Установки спалювання відходів з метою термічного оброблення (D10),Не застосовується,Не застосовується,2025,Одиниця,4.0
Кількість установок для оброблення відходів,Житомирська,Усього,Не застосовується,Не застосовується,2025,Одиниця,31.0
Кількість установок для оброблення відходів,Закарпатська,Інші установки для постійного зберігання відходів (D12),Не застосовується,Не застосовується,2025,Одиниця,0.0
Кількість установок для оброблення відходів,Полтавська,Інші установки для постійного зберігання відходів (D12),Не застосовується,Не застосовується,2025,Одиниця,0.0
Кількість установок для оброблення відходів,Дніпропетровська,Усього,Не застосовується,Не застосовується,2025,Одиниця,30.0
Кількість установок для оброблення відходів,Дніпропетровська,Установки спалювання відходів з метою термічного оброблення (D10),Не застосовується,Не застосовується,2025,Одиниця,1.0
Об'єм полігонів для видалення відходів,Чернігівська,Усього,у тому числі для видалення побутових відходів,Залишок,2025,Кубічний метр,1487019.0
Кількість установок для оброблення відходів,Луганська,Установки спалювання відходів з метою термічного оброблення (D10),Не застосовується,Не застосовується,2025,Одиниця,0.0
Кількість установок для оброблення відходів,Запорізька,Установки спалювання відходів з метою термічного оброблення (D10),Не застосовується,Не застосовується,2025,Одиниця,2.0
Кількість установок для оброблення відходів,Тернопільська,Установки сумісного спалювання з метою виробництва енергії  або матеріальних продуктів (R1),Не застосовується,Не застосовується,2025,Одиниця,23.0
Об'єм полігонів для видалення відходів,Чернігівська,Усього,Усього,Залишок,2025,Кубічний метр,1508480.0
Кількість установок для оброблення відходів,Рівненська,Установки відновлення відходів (R2-R11),Не застосовується,Не застосовується,2025,Одиниця,1.0
Кількість установок для оброблення відходів,Запорізька,Усього,Не застосовується,Не застосовується,2025,Одиниця,9.0
Кількість установок для оброблення відходів,Львівська,Установки сумісного спалювання з метою виробництва енергії  або матеріальних продуктів (R1),Не застосовується,Не застосовується,2025,Одиниця,35.0
Кількість установок для оброблення відходів,Донецька,Усього,Не застосовується,Не застосовується,2025,Одиниця,0.0
Об'єм полігонів для видалення відходів,Київ,Не застосовується,Усього,По проекту,2025,Кубічний метр,118951678.0
Кількість установок для оброблення відходів,Рівненська,Установки сумісного спалювання з метою виробництва енергії  або матеріальних продуктів (R1),Не застосовується,Не застосовується,2025,Одиниця,28.0
Кількість установок для оброблення відходів,Полтавська,Усього,Не застосовується,Не застосовується,2025,Одиниця,7.0
Об'єм полігонів для видалення відходів,Київ,Не застосовується,у тому числі для видалення побутових відходів,По проекту,2025,Кубічний метр,87700000.0
Кількість установок для оброблення відходів,Тернопільська,Установки спалювання відходів з метою термічного оброблення (D10),Не застосовується,Не застосовується,2025,Одиниця,3.0
Кількість установок для оброблення відходів,Житомирська,Установки спалювання відходів з метою термічного оброблення (D10),Не застосовується,Не застосовується,2025,Одиниця,3.0
Кількість установок для оброблення відходів,Сумська,Усього,Не застосовується,Не застосовується,2025,Одиниця,15.0
Об'єм полігонів для видалення відходів,Хмельницька,Не застосовується,у тому числі для видалення побутових відходів,Залишок,2025,Кубічний метр,5088767.0
Кількість установок для оброблення відходів,Волинська,Установки відновлення відходів (R2-R11),Не застосовується,Не застосовується,2025,Одиниця,7.0
Кількість установок для оброблення відходів,Донецька,Інші установки для постійного зберігання відходів (D12),Не застосовується,Не застосовується,2025,Одиниця,0.0
Кількість установок для оброблення відходів,Вінницька,Установки сумісного спалювання з метою виробництва енергії  або матеріальних продуктів (R1),Не застосовується,Не застосовується,2025,Одиниця,5.0
Кількість установок для оброблення відходів,Київська,Установки відновлення відходів (R2-R11),Не застосовується,Не застосовується,2025,Одиниця,5.0
Об'єм полігонів для видалення відходів,Чернівецька,Не застосовується,Усього,Залишок,2025,Кубічний метр,1148279.0
Кількість установок для оброблення відходів,Сумська,Інші установки для постійного зберігання відходів (D12),Не застосовується,Не застосовується,2025,Одиниця,0.0
Кількість установок для оброблення відходів,Україна,Установки сумісного спалювання з метою виробництва енергії  або матеріальних продуктів (R1),Не застосовується,Не застосовується,2025,Одиниця,243.0
Кількість установок для оброблення відходів,Кіровоградська,Установки спалювання відходів з метою термічного оброблення (D10),Не застосовується,Не застосовується,2025,Одиниця,3.0
Кількість установок для оброблення відходів,Донецька,Установки сумісного спалювання з метою виробництва енергії  або матеріальних продуктів (R1),Не застосовується,Не застосовується,2025,Одиниця,0.0
Кількість установок для оброблення відходів,Полтавська,Установки сумісного спалювання з метою виробництва енергії  або матеріальних продуктів (R1),Не застосовується,Не застосовується,2025,Одиниця,3.0
Кількість установок для оброблення відходів,Сумська,Установки сумісного спалювання з метою виробництва енергії  або матеріальних продуктів (R1),Не застосовується,Не застосовується,2025,Одиниця,6.0
Кількість установок для оброблення відходів,Одеська,Установки спалювання відходів з метою термічного оброблення (D10),Не застосовується,Не застосовується,2025,Одиниця,4.0
Об'єм полігонів для видалення відходів,Чернівецька,Не застосовується,у тому числі для видалення побутових відходів,Залишок,2025,Кубічний метр,1111648.0
Об'єм полігонів для видалення відходів,Київ,Усього,у тому числі для видалення побутових відходів,По проекту,2025,Кубічний метр,87700000.0
Кількість установок для оброблення відходів,Миколаївська,Установки відновлення відходів (R2-R11),Не застосовується,Не застосовується,2025,Одиниця,9.0
Кількість установок для оброблення відходів,Луганська,Установки відновлення відходів (R2-R11),Не застосовується,Не застосовується,2025,Одиниця,0.0
Кількість установок для оброблення відходів,Дніпропетровська,Установки сумісного спалювання з метою виробництва енергії  або матеріальних продуктів (R1),Не застосовується,Не застосовується,2025,Одиниця,6.0
Кількість установок для оброблення відходів,Рівненська,Усього,Не застосовується,Не застосовується,2025,Одиниця,30.0
Кількість установок для оброблення відходів,Запорізька,Установки відновлення відходів (R2-R11),Не застосовується,Не застосовується,2025,Одиниця,6.0
Кількість установок для оброблення відходів,Рівненська,Інші установки для постійного зберігання відходів (D12),Не застосовується,Не застосовується,2025,Одиниця,0.0
Кількість установок для оброблення відходів,Закарпатська,Установки відновлення відходів (R2-R11),Не застосовується,Не застосовується,2025,Одиниця,1.0
Об'єм полігонів для видалення відходів,Хмельницька,Не застосовується,у тому числі для видалення побутових відходів,По проекту,2025,Кубічний метр,15737004.0
Кількість установок для оброблення відходів,Львівська,Усього,Не застосовується,Не застосовується,2025,Одиниця,55.0
Кількість установок для оброблення відходів,Львівська,Установки спалювання відходів з метою термічного оброблення (D10),Не застосовується,Не застосовується,2025,Одиниця,6.0
Кількість установок для оброблення відходів,Рівненська,Установки спалювання відходів з метою термічного оброблення (D10),Не застосовується,Не застосовується,2025,Одиниця,1.0
Кількість установок для оброблення відходів,Тернопільська,Установки відновлення відходів (R2-R11),Не застосовується,Не застосовується,2025,Одиниця,3.0
Кількість установок для оброблення відходів,Волинська,Усього,Не застосовується,Не застосовується,2025,Одиниця,34.0
Кількість установок для оброблення відходів,Київська,Усього,Не застосовується,Не застосовується,2025,Одиниця,10.0
Об'єм полігонів для видалення відходів,Чернівецька,Усього,Усього,По проекту,2025,Кубічний метр,2582204.0
Кількість установок для оброблення відходів,Житомирська,Установки сумісного спалювання з метою виробництва енергії  або матеріальних продуктів (R1),Не застосовується,Не застосовується,2025,Одиниця,13.0
Об'єм полігонів для видалення відходів,Черкаська,Усього,у тому числі для видалення побутових відходів,По проекту,2025,Кубічний метр,31231656.0
Кількість установок для оброблення відходів,Україна,Установки спалювання відходів з метою термічного оброблення (D10),Не застосовується,Не застосовується,2025,Одиниця,69.0
Об'єм полігонів для видалення відходів,Чернівецька,Усього,у тому числі для видалення побутових відходів,По проекту,2025,Кубічний метр,2513861.0
Об'єм полігонів для видалення відходів,Київ,Не застосовується,у тому числі для видалення побутових відходів,Залишок,2025,Кубічний метр,20965831.0
Об'єм полігонів для видалення відходів,Київ,Не застосовується,Усього,Залишок,2025,Кубічний метр,36706688.0
Кількість установок для оброблення відходів,Луганська,Інші установки для постійного зберігання відходів (D12),Не застосовується,Не застосовується,2025,Одиниця,0.0
Кількість установок для оброблення відходів,Вінницька,Установки спалювання відходів з метою термічного оброблення (D10),Не застосовується,Не застосовується,2025,Одиниця,0.0
Кількість установок для оброблення відходів,Україна,Усього,Не застосовується,Не застосовується,2025,Одиниця,486.0
Кількість установок для оброблення відходів,Миколаївська,Установки сумісного спалювання з метою виробництва енергії  або матеріальних продуктів (R1),Не застосовується,Не застосовується,2025,Одиниця,2.0
Кількість установок для оброблення відходів,Волинська,Установки спалювання відходів з метою термічного оброблення (D10),Не застосовується,Не застосовується,2025,Одиниця,0.0
Кількість установок для оброблення відходів,Кіровоградська,Усього,Не застосовується,Не застосовується,2025,Одиниця,17.0
Кількість установок для оброблення відходів,Кіровоградська,Установки сумісного спалювання з метою виробництва енергії  або матеріальних продуктів (R1),Не застосовується,Не застосовується,2025,Одиниця,7.0
Кількість установок для оброблення відходів,Київська,Установки спалювання відходів з метою термічного оброблення (D10),Не застосовується,Не застосовується,2025,Одиниця,5.0
Кількість установок для оброблення відходів,Івано-Франківська,Установки спалювання відходів з метою термічного оброблення (D10),Не застосовується,Не застосовується,2025,Одиниця,7.0
Кількість установок для оброблення відходів,Вінницька,Усього,Не застосовується,Не застосовується,2025,Одиниця,8.0
Кількість установок для оброблення відходів,Дніпропетровська,Інші установки для постійного зберігання відходів (D12),Не застосовується,Не застосовується,2025,Одиниця,0.0
Об'єм полігонів для видалення відходів,Чернівецька,Не застосовується,Усього,По проекту,2025,Кубічний метр,2582204.0
Кількість установок для оброблення відходів,Закарпатська,Усього,Не застосовується,Не застосовується,2025,Одиниця,9.0
Об'єм полігонів для видалення відходів,Черкаська,Не застосовується,у тому числі для видалення побутових відходів,По проекту,2025,Кубічний метр,31231656.0
Кількість установок для оброблення відходів,Полтавська,Установки спалювання відходів з метою термічного оброблення (D10),Не застосовується,Не застосовується,2025,Одиниця,0.0
Кількість установок для оброблення відходів,Донецька,Установки спалювання відходів з метою термічного оброблення (D10),Не застосовується,Не застосовується,2025,Одиниця,0.0
Кількість установок для оброблення відходів,Одеська,Установки відновлення відходів (R2-R11),Не застосовується,Не застосовується,2025,Одиниця,13.0
Кількість установок для оброблення відходів,Запорізька,Інші установки для постійного зберігання відходів (D12),Не застосовується,Не застосовується,2025,Одиниця,1.0
Об'єм полігонів для видалення відходів,Київ,Усього,Усього,По проекту,2025,Кубічний метр,118951678.0
Кількість установок для оброблення відходів,Закарпатська,Установки спалювання відходів з метою термічного оброблення (D10),Не застосовується,Не застосовується,2025,Одиниця,3.0
Кількість установок для оброблення відходів,Миколаївська,Інші установки для постійного зберігання відходів (D12),Не застосовується,Не застосовується,2025,Одиниця,0.0
Кількість установок для оброблення відходів,Житомирська,Інші установки для постійного зберігання відходів (D12),Не застосовується,Не застосовується,2025,Одиниця,0.0
Кількість установок для оброблення відходів,Херсонська,Інші установки для постійного зберігання відходів (D12),Не застосовується,Не застосовується,2025,Одиниця,0.0
Кількість полігонів для видалення відходів,Сумська,Усього,Усього,Не застосовується,2025,Одиниця,35.0
Кількість полігонів для видалення відходів,Луганська,Не застосовується,Усього,Не застосовується,2025,Одиниця,0.0
Кількість установок для оброблення відходів,Київ,Усього,Не застосовується,Не застосовується,2025,Одиниця,33.0
Кількість полігонів для видалення відходів,Хмельницька,Не застосовується,у тому числі для видалення побутових відходів,Не застосовується,2025,Одиниця,31.0
Кількість полігонів для видалення відходів,Полтавська,Усього,Усього,Не застосовується,2025,Одиниця,59.0
Кількість полігонів для видалення відходів,Рівненська,Усього,у тому числі для видалення побутових відходів,Не застосовується,2025,Одиниця,143.0
Кількість полігонів для видалення відходів,Донецька,Усього,Усього,Не застосовується,2025,Одиниця,27.0
Кількість установок для оброблення відходів,Хмельницька,Установки сумісного спалювання з метою виробництва енергії  або матеріальних продуктів (R1),Не застосовується,Не застосовується,2025,Одиниця,21.0
Кількість полігонів для видалення відходів,Хмельницька,Не застосовується,Усього,Не застосовується,2025,Одиниця,73.0
Кількість полігонів для видалення відходів,Україна,Усього,у тому числі для видалення побутових відходів,Не застосовується,2025,Одиниця,810.0
Кількість полігонів для видалення відходів,Івано-Франківська,Не застосовується,Усього,Не застосовується,2025,Одиниця,45.0
Кількість полігонів для видалення відходів,Черкаська,Не застосовується,у тому числі для видалення побутових відходів,Не застосовується,2025,Одиниця,22.0
Кількість полігонів для видалення відходів,Харківська,Не застосовується,у тому числі для видалення побутових відходів,Не застосовується,2025,Одиниця,16.0
Кількість полігонів для видалення відходів,Вінницька,Усього,у тому числі для видалення побутових відходів,Не застосовується,2025,Одиниця,15.0
Кількість полігонів для видалення відходів,Луганська,Не застосовується,у тому числі для видалення побутових відходів,Не застосовується,2025,Одиниця,0.0
Кількість полігонів для видалення відходів,Волинська,Не застосовується,Усього,Не застосовується,2025,Одиниця,47.0
Кількість полігонів для видалення відходів,Миколаївська,Не застосовується,Усього,Не застосовується,2025,Одиниця,46.0
Кількість полігонів для видалення відходів,Івано-Франківська,Не застосовується,у тому числі для видалення побутових відходів,Не застосовується,2025,Одиниця,12.0
Кількість полігонів для видалення відходів,Запорізька,Не застосовується,Усього,Не застосовується,2025,Одиниця,8.0
Кількість установок для оброблення відходів,Харківська,Установки сумісного спалювання з метою виробництва енергії  або матеріальних продуктів (R1),Не застосовується,Не застосовується,2025,Одиниця,8.0
Кількість установок для оброблення відходів,Чернігівська,Установки відновлення відходів (R2-R11),Не застосовується,Не застосовується,2025,Одиниця,5.0
Кількість установок для оброблення відходів,Київ,Інші установки для постійного зберігання відходів (D12),Не застосовується,Не застосовується,2025,Одиниця,0.0
Кількість полігонів для видалення відходів,Житомирська,Не застосовується,Усього,Не застосовується,2025,Одиниця,105.0
Кількість полігонів для видалення відходів,Вінницька,Усього,Усього,Не застосовується,2025,Одиниця,16.0
Кількість установок для оброблення відходів,Чернівецька,Установки спалювання відходів з метою термічного оброблення (D10),Не застосовується,Не застосовується,2025,Одиниця,0.0
Кількість установок для оброблення відходів,Тернопільська,Усього,Не застосовується,Не застосовується,2025,Одиниця,30.0
Кількість полігонів для видалення відходів,Львівська,Усього,у тому числі для видалення побутових відходів,Не застосовується,2025,Одиниця,21.0
Кількість установок для оброблення відходів,Херсонська,Усього,Не застосовується,Не застосовується,2025,Одиниця,0.0
Кількість полігонів для видалення відходів,Київська,Не застосовується,у тому числі для видалення побутових відходів,Не застосовується,2025,Одиниця,16.0
Кількість полігонів для видалення відходів,Харківська,Не застосовується,Усього,Не застосовується,2025,Одиниця,27.0
Кількість установок для оброблення відходів,Черкаська,Установки спалювання відходів з метою термічного оброблення (D10),Не застосовується,Не застосовується,2025,Одиниця,8.0
Кількість полігонів для видалення відходів,Херсонська,Не застосовується,у тому числі для видалення побутових відходів,Не застосовується,2025,Одиниця,2.0
Кількість установок для оброблення відходів,Хмельницька,Установки спалювання відходів з метою термічного оброблення (D10),Не застосовується,Не застосовується,2025,Одиниця,1.0
Кількість полігонів для видалення відходів,Черкаська,Усього,Усього,Не застосовується,2025,Одиниця,23.0
Кількість полігонів для видалення відходів,Кіровоградська,Не застосовується,Усього,Не застосовується,2025,Одиниця,169.0
Кількість полігонів для видалення відходів,Волинська,Усього,Усього,Не застосовується,2025,Одиниця,47.0
Кількість полігонів для видалення відходів,Дніпропетровська,Усього,у тому числі для видалення побутових відходів,Не застосовується,2025,Одиниця,20.0
Кількість полігонів для видалення відходів,Житомирська,Усього,у тому числі для видалення побутових відходів,Не застосовується,2025,Одиниця,58.0
Кількість полігонів для видалення відходів,Закарпатська,Не застосовується,у тому числі для видалення побутових відходів,Не застосовується,2025,Одиниця,7.0
Кількість полігонів для видалення відходів,Донецька,Не застосовується,у тому числі для видалення побутових відходів,Не застосовується,2025,Одиниця,6.0
Кількість полігонів для видалення відходів,Тернопільська,Не застосовується,у тому числі для видалення побутових відходів,Не застосовується,2025,Одиниця,16.0
Кількість полігонів для видалення відходів,Закарпатська,Усього,Усього,Не застосовується,2025,Одиниця,8.0
Кількість полігонів для видалення відходів,Одеська,Не застосовується,у тому числі для видалення побутових відходів,Не застосовується,2025,Одиниця,53.0
Кількість установок для оброблення відходів,Харківська,Установки спалювання відходів з метою термічного оброблення (D10),Не застосовується,Не застосовується,2025,Одиниця,2.0
Кількість установок для оброблення відходів,Черкаська,Установки сумісного спалювання з метою виробництва енергії  або матеріальних продуктів (R1),Не застосовується,Не застосовується,2025,Одиниця,3.0
Кількість полігонів для видалення відходів,Львівська,Усього,Усього,Не застосовується,2025,Одиниця,84.0
Кількість полігонів для видалення відходів,Запорізька,Усього,у тому числі для видалення побутових відходів,Не застосовується,2025,Одиниця,2.0
Кількість полігонів для видалення відходів,Київська,Не застосовується,Усього,Не застосовується,2025,Одиниця,24.0
Кількість установок для оброблення відходів,Київ,Установки сумісного спалювання з метою виробництва енергії  або матеріальних продуктів (R1),Не застосовується,Не застосовується,2025,Одиниця,13.0
Кількість полігонів для видалення відходів,Вінницька,Не застосовується,Усього,Не застосовується,2025,Одиниця,16.0
Кількість полігонів для видалення відходів,Миколаївська,Усього,у тому числі для видалення побутових відходів,Не застосовується,2025,Одиниця,9.0
Кількість полігонів для видалення відходів,Україна,Усього,Усього,Не застосовується,2025,Одиниця,1309.0
Кількість полігонів для видалення відходів,Тернопільська,Усього,Усього,Не застосовується,2025,Одиниця,18.0
Кількість установок для оброблення відходів,Хмельницька,Усього,Не застосовується,Не застосовується,2025,Одиниця,30.0
Кількість полігонів для видалення відходів,Херсонська,Усього,Усього,Не застосовується,2025,Одиниця,3.0
Кількість полігонів для видалення відходів,Полтавська,Не застосовується,у тому числі для видалення побутових відходів,Не застосовується,2025,Одиниця,37.0
Кількість установок для оброблення відходів,Чернівецька,Установки відновлення відходів (R2-R11),Не застосовується,Не застосовується,2025,Одиниця,0.0
Кількість полігонів для видалення відходів,Харківська,Усього,у тому числі для видалення побутових відходів,Не застосовується,2025,Одиниця,16.0
Кількість установок для оброблення відходів,Херсонська,Установки сумісного спалювання з метою виробництва енергії  або матеріальних продуктів (R1),Не застосовується,Не застосовується,2025,Одиниця,0.0
Кількість установок для оброблення відходів,Харківська,Усього,Не застосовується,Не застосовується,2025,Одиниця,32.0
Кількість полігонів для видалення відходів,Сумська,Усього,у тому числі для видалення побутових відходів,Не застосовується,2025,Одиниця,17.0
Кількість полігонів для видалення відходів,Рівненська,Не застосовується,Усього,Не застосовується,2025,Одиниця,153.0
Кількість полігонів для видалення відходів,Луганська,Усього,у тому числі для видалення побутових відходів,Не застосовується,2025,Одиниця,0.0
Кількість полігонів для видалення відходів,Волинська,Не застосовується,у тому числі для видалення побутових відходів,Не застосовується,2025,Одиниця,27.0
Кількість установок для оброблення відходів,Хмельницька,Установки відновлення відходів (R2-R11),Не застосовується,Не застосовується,2025,Одиниця,8.0
Кількість полігонів для видалення відходів,Одеська,Усього,Усього,Не застосовується,2025,Одиниця,56.0
Кількість полігонів для видалення відходів,Івано-Франківська,Усього,Усього,Не застосовується,2025,Одиниця,45.0
Кількість полігонів для видалення відходів,Україна,Не застосовується,у тому числі для видалення побутових відходів,Не застосовується,2025,Одиниця,810.0
Кількість установок для оброблення відходів,Чернігівська,Усього,Не застосовується,Не застосовується,2025,Одиниця,19.0
Кількість полігонів для видалення відходів,Рівненська,Не застосовується,у тому числі для видалення побутових відходів,Не застосовується,2025,Одиниця,143.0
Кількість установок для оброблення відходів,Херсонська,Установки спалювання відходів з метою термічного оброблення (D10),Не застосовується,Не застосовується,2025,Одиниця,0.0
Кількість полігонів для видалення відходів,Хмельницька,Усього,у тому числі для видалення побутових відходів,Не застосовується,2025,Одиниця,31.0
Кількість установок для оброблення відходів,Чернівецька,Інші установки для постійного зберігання відходів (D12),Не застосовується,Не застосовується,2025,Одиниця,0.0
Кількість полігонів для видалення відходів,Миколаївська,Усього,Усього,Не застосовується,2025,Одиниця,46.0
Кількість полігонів для видалення відходів,Івано-Франківська,Усього,у тому числі для видалення побутових відходів,Не застосовується,2025,Одиниця,12.0
Кількість установок для оброблення відходів,Чернігівська,Інші установки для постійного зберігання відходів (D12),Не застосовується,Не застосовується,2025,Одиниця,0.0
Кількість полігонів для видалення відходів,Запорізька,Усього,Усього,Не застосовується,2025,Одиниця,8.0
Кількість полігонів для видалення відходів,Львівська,Не застосовується,у тому числі для видалення побутових відходів,Не застосовується,2025,Одиниця,21.0
Кількість полігонів для видалення відходів,Житомирська,Усього,Усього,Не застосовується,2025,Одиниця,105.0
Кількість полігонів для видалення відходів,Волинська,Усього,у тому числі для видалення побутових відходів,Не застосовується,2025,Одиниця,27.0
Кількість полігонів для видалення відходів,Кіровоградська,Не застосовується,у тому числі для видалення побутових відходів,Не застосовується,2025,Одиниця,159.0
Кількість полігонів для видалення відходів,Хмельницька,Усього,Усього,Не застосовується,2025,Одиниця,73.0
Кількість установок для оброблення відходів,Київ,Установки спалювання відходів з метою термічного оброблення (D10),Не застосовується,Не застосовується,2025,Одиниця,9.0
Кількість полігонів для видалення відходів,Черкаська,Усього,у тому числі для видалення побутових відходів,Не застосовується,2025,Одиниця,22.0
Кількість установок для оброблення відходів,Чернігівська,Установки сумісного спалювання з метою виробництва енергії  або матеріальних продуктів (R1),Не застосовується,Не застосовується,2025,Одиниця,10.0
Кількість полігонів для видалення відходів,Луганська,Усього,Усього,Не застосовується,2025,Одиниця,0.0
Кількість полігонів для видалення відходів,Сумська,Не застосовується,Усього,Не застосовується,2025,Одиниця,35.0
Кількість полігонів для видалення відходів,Полтавська,Не застосовується,Усього,Не застосовується,2025,Одиниця,59.0
Кількість полігонів для видалення відходів,Донецька,Не застосовується,Усього,Не застосовується,2025,Одиниця,27.0
Кількість полігонів для видалення відходів,Україна,Не застосовується,Усього,Не застосовується,2025,Одиниця,1309.0
Кількість полігонів для видалення відходів,Херсонська,Усього,у тому числі для видалення побутових відходів,Не застосовується,2025,Одиниця,2.0
Кількість полігонів для видалення відходів,Кіровоградська,Усього,Усього,Не застосовується,2025,Одиниця,169.0
Кількість установок для оброблення відходів,Черкаська,Інші установки для постійного зберігання відходів (D12),Не застосовується,Не застосовується,2025,Одиниця,0.0
Кількість полігонів для видалення відходів,Одеська,Усього,у тому числі для видалення побутових відходів,Не застосовується,2025,Одиниця,53.0
Кількість полігонів для видалення відходів,Київська,Усього,Усього,Не застосовується,2025,Одиниця,24.0
Кількість полігонів для видалення відходів,Закарпатська,Не застосовується,Усього,Не застосовується,2025,Одиниця,8.0
Кількість полігонів для видалення відходів,Вінницька,Не застосовується,у тому числі для видалення побутових відходів,Не застосовується,2025,Одиниця,15.0
Кількість установок для оброблення відходів,Черкаська,Усього,Не застосовується,Не застосовується,2025,Одиниця,17.0
Кількість установок для оброблення відходів,Чернівецька,Усього,Не застосовується,Не застосовується,2025,Одиниця,16.0
Кількість установок для оброблення відходів,Харківська,Установки відновлення відходів (R2-R11),Не застосовується,Не застосовується,2025,Одиниця,22.0
Кількість полігонів для видалення відходів,Тернопільська,Усього,у тому числі для видалення побутових відходів,Не застосовується,2025,Одиниця,16.0
Кількість полігонів для видалення відходів,Дніпропетровська,Не застосовується,Усього,Не застосовується,2025,Одиниця,131.0
Кількість полігонів для видалення відходів,Харківська,Усього,Усього,Не застосовується,2025,Одиниця,27.0
Кількість полігонів для видалення відходів,Закарпатська,Усього,у тому числі для видалення побутових відходів,Не застосовується,2025,Одиниця,7.0
Кількість полігонів для видалення відходів,Миколаївська,Не застосовується,у тому числі для видалення побутових відходів,Не застосовується,2025,Одиниця,9.0
Кількість установок для оброблення відходів,Херсонська,Установки відновлення відходів (R2-R11),Не застосовується,Не застосовується,2025,Одиниця,0.0
Кількість полігонів для видалення відходів,Житомирська,Не застосовується,у тому числі для видалення побутових відходів,Не застосовується,2025,Одиниця,58.0
Кількість полігонів для видалення відходів,Запорізька,Не застосовується,у тому числі для видалення побутових відходів,Не застосовується,2025,Одиниця,2.0
Кількість полігонів для видалення відходів,Сумська,Не застосовується,у тому числі для видалення побутових відходів,Не застосовується,2025,Одиниця,17.0
Кількість полігонів для видалення відходів,Кіровоградська,Усього,у тому числі для видалення побутових відходів,Не застосовується,2025,Одиниця,159.0
Кількість полігонів для видалення відходів,Дніпропетровська,Усього,Усього,Не застосовується,2025,Одиниця,131.0
Кількість полігонів для видалення відходів,Рівненська,Усього,Усього,Не застосовується,2025,Одиниця,153.0
Кількість установок для оброблення відходів,Хмельницька,Інші установки для постійного зберігання відходів (D12),Не застосовується,Не застосовується,2025,Одиниця,0.0
Кількість установок для оброблення відходів,Чернігівська,Установки спалювання відходів з метою термічного оброблення (D10),Не застосовується,Не застосовується,2025,Одиниця,4.0
Кількість полігонів для видалення відходів,Дніпропетровська,Не застосовується,у тому числі для видалення побутових відходів,Не застосовується,2025,Одиниця,20.0
Кількість полігонів для видалення відходів,Полтавська,Усього,у тому числі для видалення побутових відходів,Не застосовується,2025,Одиниця,37.0
Кількість полігонів для видалення відходів,Київська,Усього,у тому числі для видалення побутових відходів,Не застосовується,2025,Одиниця,16.0
Кількість установок для оброблення відходів,Харківська,Інші установки для постійного зберігання відходів (D12),Не застосовується,Не застосовується,2025,Одиниця,0.0
Кількість установок для оброблення відходів,Київ,Установки відновлення відходів (R2-R11),Не застосовується,Не застосовується,2025,Одиниця,11.0
Кількість полігонів для видалення відходів,Одеська,Не застосовується,Усього,Не застосовується,2025,Одиниця,56.0
Кількість полігонів для видалення відходів,Херсонська,Не застосовується,Усього,Не застосовується,2025,Одиниця,3.0
Кількість полігонів для видалення відходів,Тернопільська,Не застосовується,Усього,Не застосовується,2025,Одиниця,18.0
Кількість полігонів для видалення відходів,Львівська,Не застосовується,Усього,Не застосовується,2025,Одиниця,84.0
Кількість полігонів для видалення відходів,Черкаська,Не застосовується,Усього,Не застосовується,2025,Одиниця,23.0
Кількість установок для оброблення відходів,Черкаська,Установки відновлення відходів (R2-R11),Не застосовується,Не застосовується,2025,Одиниця,6.0
Кількість установок для оброблення відходів,Чернівецька,Установки сумісного спалювання з метою виробництва енергії  або матеріальних продуктів (R1),Не застосовується,Не застосовується,2025,Одиниця,16.0
Кількість полігонів для видалення відходів,Донецька,Усього,у тому числі для видалення побутових відходів,Не застосовується,2025,Одиниця,6.0
Кількість полігонів для видалення відходів,Чернігівська,Усього,Усього,Не застосовується,2025,Одиниця,39.0
Кількість полігонів для видалення відходів,Київ,Не застосовується,у тому числі для видалення побутових відходів,Не застосовується,2025,Одиниця,1.0
Кількість полігонів для видалення відходів,Чернівецька,Не застосовується,Усього,Не застосовується,2025,Одиниця,92.0
Кількість полігонів для видалення відходів,Чернівецька,Усього,Усього,Не застосовується,2025,Одиниця,92.0
Кількість полігонів для видалення відходів,Чернігівська,Не застосовується,у тому числі для видалення побутових відходів,Не застосовується,2025,Одиниця,35.0
Кількість полігонів для видалення відходів,Київ,Не застосовується,Усього,Не застосовується,2025,Одиниця,21.0
Кількість полігонів для видалення відходів,Чернівецька,Не застосовується,у тому числі для видалення побутових відходів,Не застосовується,2025,Одиниця,85.0
Кількість полігонів для видалення відходів,Київ,Усього,у тому числі для видалення побутових відходів,Не застосовується,2025,Одиниця,1.0
Кількість полігонів для видалення відходів,Чернігівська,Усього,у тому числі для видалення побутових відходів,Не застосовується,2025,Одиниця,35.0
Кількість полігонів для видалення відходів,Чернігівська,Не застосовується,Усього,Не застосовується,2025,Одиниця,39.0
Кількість полігонів для видалення відходів,Чернівецька,Усього,у тому числі для видалення побутових відходів,Не застосовується,2025,Одиниця,85.0
Кількість полігонів для видалення відходів,Київ,Усього,Усього,Не застосовується,2025,Одиниця,21.0
